game_id, timestamp                 , depth, white_evaluator, black_evaluator, plies, winner, elapsed_ms, moves
      1, 2026-09-20T21:53:49.048052,     4, Classic        , Classic        ,    62, Black ,        551, "A4(1);D1(1);D4(1);A1(1);C1(1);C4(1);C1(2);C1(3);D1(2);A1(2);A1(3);A1(4);D4(2);A4(2);C1(4);D4(3);D4(4);B3(1);C4(2);C4(3);C4(4);B1(1);A4(3);A4(4);B1(2);B4(1);B2(1);B4(2);B4(3);A3(1);B2(2);B2(3);C2(1);C2(2);C2(3);A2(1);A2(2);B3(2);B3(3);D1(3);D3(1);D3(2);D2(1);A2(3);D2(2);D2(3);D3(3);D3(4);A3(2);A2(4);C2(4);B3(4);C3(1);D1(4);B2(4);B4(4);D2(4);A3(3);A3(4);C3(2);B1(3);C3(3)"
      2, 2026-09-20T21:53:49.446616,     4, Classic        , Classic        ,    62, Black ,        397, "A1(1);D4(1);D1(1);A4(1);B4(1);B1(1);B4(2);B4(3);A4(2);D4(2);D4(3);D4(4);A1(2);D1(2);B4(4);A1(3);A1(4);C2(1);B1(2);B1(3);B1(4);C4(1);D1(3);D1(4);C4(2);C1(1);C3(1);C1(2);C1(3);D2(1);C3(2);C3(3);B3(1);B3(2);B3(3);D3(1);D3(2);A4(3);A4(4);C2(2);C2(3);A2(1);B2(1);A2(2);A2(3);A2(4);D2(2);D2(3);D2(4);A3(1);B3(4);C3(4);C1(4);A3(2);A3(3);B2(2);B2(3);B2(4);D3(3);C4(3);C4(4);D3(4)"
      3, 2026-09-20T21:53:49.857126,     4, Classic        , Classic        ,    61, White ,        410, "D1(1);A1(1);D4(1);A4(1);A3(1);D3(1);A3(2);A3(3);A4(2);A1(2);A1(3);A1(4);D3(2);D1(2);D3(3);D4(2);A3(4);B1(1);B1(2);B4(1);B3(1);B3(2);B3(3);B1(3);B1(4);B2(1);B2(2);A2(1);D1(3);D1(4);D4(3);A2(2);D4(4);A2(3);A2(4);A4(3);A4(4);C2(1);D2(1);C3(1);D3(4);C4(1);C1(1);B2(3);C1(2);B4(2);B4(3);B3(4);B4(4);C2(2);C2(3);C1(3);C3(2);C1(4);C2(4);D2(2);B2(4);C3(3);C3(4);D2(3);C4(2)"
      4, 2026-09-20T21:53:50.262636,     4, Classic        , Classic        ,    62, Black ,        405, "D1(1);A4(1);A1(1);D4(1);C4(1);C1(1);C4(2);C4(3);D4(2);A4(2);A4(3);A4(4);D1(2);A1(2);C4(4);D1(3);D1(4);B2(1);C1(2);C1(3);C1(4);B4(1);A1(3);A1(4);B4(2);B1(1);B3(1);B1(2);B1(3);A2(1);B3(2);B3(3);C3(1);C3(2);C3(3);A3(1);A3(2);B2(2);B2(3);D4(3);D2(1);D2(2);D3(1);A3(3);D3(2);D3(3);D2(3);D2(4);A2(2);A3(4);C3(4);B2(4);C2(1);D4(4);B1(4);B3(4);D3(4);A2(3);A2(4);C2(2);B4(3);B4(4)"
      5, 2026-09-20T21:53:50.61522 ,     4, Classic        , Classic        ,    64, Draw  ,        352, "A4(1);D1(1);A1(1);D4(1);D2(1);A2(1);D2(2);D2(3);D1(2);D4(2);D4(3);D4(4);A1(2);A4(2);D2(4);A1(3);A1(4);B3(1);A2(2);A2(3);A2(4);D3(1);A4(3);A4(4);D3(2);A3(1);C3(1);A3(2);A3(3);B4(1);C3(2);C3(3);C2(1);C2(2);C2(3);C4(1);C4(2);B3(2);B3(3);D1(3);B1(1);B1(2);C1(1);C4(3);C1(2);C1(3);B1(3);B1(4);B4(2);C4(4);C2(4);B3(4);B2(1);D1(4);C3(4);D3(3);D3(4);B4(3);B4(4);B2(2);B2(3);B2(4);C1(4);A3(4)"
      6, 2026-09-20T21:53:50.981541,     4, Classic        , Classic        ,    61, White ,        365, "A4(1);D4(1);A1(1);D1(1);D3(1);A3(1);D3(2);D3(3);D4(2);D1(2);D1(3);D1(4);A4(2);A1(2);D3(4);A4(3);A4(4);B2(1);A3(2);A3(3);A3(4);D2(1);A1(3);A1(4);D2(2);A2(1);C2(1);A2(2);A2(3);B1(1);C2(2);C2(3);C3(1);C3(2);C3(3);C1(1);C1(2);B2(2);B2(3);D4(3);B4(1);B4(2);C4(1);C1(3);C4(2);C4(3);B4(3);B4(4);C1(4);C3(4);B1(2);B2(4);D4(4);C2(4);A2(4);B3(1);B1(3);B1(4);C4(4);B3(2);B3(3)"
      7, 2026-09-20T21:53:51.356362,     4, Classic        , Classic        ,    59, White ,        374, "D4(1);D1(1);A4(1);A1(1);C1(1);C4(1);C1(2);C1(3);D1(2);A1(2);A1(3);A1(4);C4(2);A4(2);C4(3);D4(2);C1(4);A2(1);A2(2);D2(1);C2(1);C2(2);C2(3);A2(3);A2(4);B2(1);B2(2);B1(1);A4(3);A4(4);D4(3);D4(4);B4(1);B1(2);C4(4);D2(2);B2(3);B2(4);D2(3);B1(3);B1(4);C2(4);D2(4);A3(1);C3(1);A3(2);A3(3);A3(4);D3(1);D3(2);D3(3);D1(3);D1(4);D3(4);C3(2);C3(3);C3(4);B4(2);B4(3)"
      8, 2026-09-20T21:53:51.755891,     4, Classic        , Classic        ,    59, White ,        399, "D1(1);D4(1);A1(1);A4(1);C4(1);C1(1);C4(2);C4(3);D4(2);A4(2);A4(3);A4(4);C1(2);A1(2);C1(3);D1(2);C4(4);A3(1);A3(2);D3(1);C3(1);C3(2);C3(3);A3(3);A3(4);B3(1);B3(2);B4(1);A1(3);A1(4);D1(3);D1(4);B1(1);B4(2);C1(4);D3(2);B3(3);B3(4);D3(3);D4(3);D4(4);C3(4);B4(3);B4(4);B2(1);B2(2);B2(3);B2(4);A2(1);C2(1);C2(2);C2(3);C2(4);D3(4);A2(2);B1(2);D2(1);A2(3);B1(3)"
      9, 2026-09-20T21:53:52.166125,     4, Classic        , Classic        ,    59, White ,        409, "A4(1);A1(1);D4(1);D1(1);C1(1);C4(1);C1(2);C1(3);D1(2);A1(2);A1(3);A1(4);C4(2);A4(2);C4(3);D4(2);C1(4);A2(1);A2(2);D2(1);C2(1);C2(2);C2(3);A2(3);A2(4);B2(1);B2(2);B1(1);A4(3);A4(4);D4(3);D4(4);B4(1);B1(2);C4(4);D2(2);B2(3);B2(4);D2(3);D1(3);D1(4);C2(4);B1(3);B1(4);B3(1);B3(2);B3(3);B3(4);A3(1);C3(1);C3(2);C3(3);C3(4);A3(2);D2(4);A3(3);D3(1);D3(2);A3(4)"
     10, 2026-09-20T21:53:52.532766,     4, Classic        , Classic        ,    61, White ,        366, "D1(1);A4(1);A1(1);D4(1);B4(1);B1(1);B4(2);B4(3);A4(2);D4(2);D4(3);D4(4);A1(2);D1(2);B4(4);A1(3);A1(4);C2(1);B1(2);B1(3);B1(4);C4(1);D1(3);D1(4);C4(2);C1(1);C3(1);C1(2);C1(3);D2(1);C3(2);C3(3);B3(1);B3(2);B3(3);D3(1);D3(2);C2(2);C2(3);A4(3);A2(1);A2(2);A3(1);D3(3);A3(2);A3(3);A2(3);A2(4);D3(4);B3(4);D2(2);C2(4);A4(4);C1(4);C3(4);B2(1);D2(3);D2(4);A3(4);B2(2);B2(3)"
     11, 2026-09-20T21:53:52.884285,     4, Classic        , Classic        ,    62, Black ,        351, "D1(1);D4(1);A1(1);A4(1);B4(1);B1(1);B4(2);B4(3);A4(2);D4(2);D4(3);D4(4);A1(2);D1(2);B4(4);A1(3);A1(4);C2(1);B1(2);B1(3);B1(4);C4(1);D1(3);D1(4);C4(2);C1(1);C3(1);C1(2);C1(3);D2(1);C3(2);C3(3);B3(1);B3(2);B3(3);D3(1);D3(2);C2(2);C2(3);A4(3);A2(1);A2(2);A3(1);D3(3);A3(2);A3(3);A2(3);A2(4);D2(2);D3(4);B3(4);C2(4);B2(1);C3(4);C1(4);A4(4);A3(4);D2(3);D2(4);B2(2);C4(3);C4(4)"
     12, 2026-09-20T21:53:53.266788,     4, Classic        , Classic        ,    62, Black ,        382, "D4(1);D1(1);A4(1);A1(1);C1(1);C4(1);C1(2);C1(3);D1(2);A1(2);A1(3);A1(4);D4(2);A4(2);C1(4);D4(3);D4(4);B3(1);C4(2);C4(3);C4(4);B1(1);A4(3);A4(4);B1(2);B4(1);B2(1);B4(2);B4(3);A3(1);B2(2);B2(3);C2(1);C2(2);C2(3);A2(1);A2(2);D1(3);D1(4);B3(2);B3(3);D3(1);C3(1);D3(2);D3(3);D3(4);A3(2);A3(3);A3(4);D2(1);C2(4);B2(4);B4(4);B3(4);D2(2);C3(2);C3(3);C3(4);A2(3);B1(3);A2(4);B1(4)"
     13, 2026-09-20T21:53:53.693893,     4, Classic        , Classic        ,    62, Black ,        426, "D4(1);A4(1);D1(1);A1(1);A3(1);D3(1);A3(2);A3(3);A4(2);A1(2);A1(3);A1(4);D4(2);D1(2);A3(4);D4(3);D4(4);C2(1);D3(2);D3(3);D3(4);A2(1);D1(3);D1(4);A2(2);D2(1);B2(1);D2(2);D2(3);C1(1);B2(2);B2(3);B3(1);B3(2);B3(3);B1(1);B1(2);A4(3);A4(4);C2(2);C2(3);C4(1);C3(1);C4(2);C4(3);C4(4);C1(2);C1(3);C1(4);B4(1);B3(4);B2(4);C2(4);D2(4);B4(2);C3(2);C3(3);C3(4);A2(3);B1(3);B1(4);A2(4)"
     14, 2026-09-20T21:53:54.097478,     4, Classic        , Classic        ,    59, White ,        403, "D1(1);A4(1);D4(1);A1(1);A2(1);D2(1);A2(2);A2(3);A1(2);A4(2);A4(3);A4(4);D2(2);D4(2);D2(3);D1(2);A2(4);B4(1);B4(2);B1(1);B2(1);B2(2);B2(3);B4(3);B4(4);B3(1);B3(2);A3(1);D4(3);D4(4);D1(3);D1(4);D3(1);A3(2);D2(4);B1(2);B3(3);B3(4);B1(3);A3(3);A3(4);B2(4);B1(4);C4(1);C2(1);C4(2);C4(3);C4(4);C1(1);C1(2);C1(3);A1(3);A1(4);C1(4);C2(2);C3(1);D3(2);C2(3);D3(3)"
     15, 2026-09-20T21:53:54.479404,     4, Classic        , Classic        ,    59, White ,        381, "A4(1);D1(1);D4(1);A1(1);C1(1);C4(1);C1(2);C1(3);D1(2);A1(2);A1(3);A1(4);C4(2);A4(2);C4(3);D4(2);C1(4);A2(1);A2(2);D2(1);C2(1);C2(2);C2(3);A2(3);A2(4);B2(1);B2(2);B1(1);A4(3);A4(4);D4(3);D4(4);B4(1);B1(2);C4(4);D2(2);B2(3);B2(4);D2(3);B1(3);B1(4);C2(4);D2(4);A3(1);C3(1);A3(2);A3(3);A3(4);D3(1);D3(2);D3(3);D1(3);D1(4);D3(4);C3(2);B3(1);B4(2);B3(2);C3(3)"
     16, 2026-09-20T21:53:54.884605,     4, Classic        , Classic        ,    64, Draw  ,        404, "D4(1);A1(1);A4(1);D1(1);C1(1);C4(1);C1(2);C1(3);D1(2);A1(2);A1(3);A1(4);D4(2);A4(2);C1(4);D4(3);D4(4);B3(1);C4(2);C4(3);C4(4);B1(1);A4(3);A4(4);B1(2);B4(1);B2(1);B4(2);B4(3);A3(1);B2(2);B2(3);C2(1);C2(2);C2(3);A2(1);A2(2);D1(3);D1(4);B3(2);B3(3);D3(1);C3(1);D3(2);D3(3);D3(4);A3(2);A3(3);A3(4);D2(1);C2(4);B2(4);B4(4);B3(4);D2(2);C3(2);C3(3);C3(4);D2(3);D2(4);A2(3);B1(3);A2(4);B1(4)"
     17, 2026-09-20T21:53:55.273042,     4, Classic        , Classic        ,    64, Draw  ,        388, "D1(1);A4(1);A1(1);D4(1);C4(1);C1(1);C4(2);C4(3);D4(2);A4(2);A4(3);A4(4);D1(2);A1(2);C4(4);D1(3);D1(4);B2(1);C1(2);C1(3);C1(4);B4(1);A1(3);A1(4);B4(2);B1(1);B3(1);B1(2);B1(3);A2(1);B3(2);B3(3);C3(1);C3(2);C3(3);A3(1);A3(2);B2(2);B2(3);D4(3);D2(1);D2(2);D3(1);A3(3);D3(2);D3(3);D2(3);D2(4);A2(2);A3(4);C3(4);B2(4);C2(1);B1(4);B3(4);B4(3);B4(4);A2(3);A2(4);C2(2);C2(3);C2(4);D4(4);D3(4)"
     18, 2026-09-20T21:53:55.662064,     4, Classic        , Classic        ,    43, White ,        388, "A4(1);D4(1);A1(1);D1(1);D3(1);A3(1);D3(2);D3(3);D4(2);D1(2);D1(3);D1(4);A3(2);A1(2);A3(3);A4(2);D3(4);C1(1);C1(2);C4(1);C3(1);C3(2);C3(3);C1(3);C1(4);C2(1);C2(2);D2(1);A1(3);A1(4);A4(3);D2(2);A4(4);D2(3);D2(4);D4(3);D4(4);A3(4);A2(1);A2(2);B2(1);A2(3);B2(2)"
     19, 2026-09-20T21:53:55.994785,     4, Classic        , Classic        ,    62, Black ,        332, "A4(1);D4(1);A1(1);D1(1);D2(1);A2(1);D2(2);D2(3);D1(2);D4(2);D4(3);D4(4);A1(2);A4(2);D2(4);A1(3);A1(4);B3(1);A2(2);A2(3);A2(4);D3(1);A4(3);A4(4);D3(2);A3(1);C3(1);A3(2);A3(3);B4(1);C3(2);C3(3);C2(1);C2(2);C2(3);C4(1);C4(2);B3(2);B3(3);D1(3);B1(1);B1(2);C1(1);C4(3);C1(2);C1(3);B1(3);B1(4);B4(2);C4(4);C2(4);B3(4);B2(1);D1(4);C1(4);C3(4);A3(4);B4(3);B4(4);B2(2);D3(3);B2(3)"
     20, 2026-09-20T21:53:56.374896,     4, Classic        , Classic        ,    64, Draw  ,        379, "D4(1);D1(1);A4(1);A1(1);B1(1);B4(1);B1(2);B1(3);A1(2);D1(2);D1(3);D1(4);A4(2);D4(2);B1(4);A4(3);A4(4);C3(1);B4(2);B4(3);B4(4);C1(1);D4(3);D4(4);C1(2);C4(1);C2(1);C4(2);C4(3);D3(1);C2(2);C2(3);B2(1);B2(2);B2(3);D2(1);D2(2);A1(3);A1(4);C3(2);C3(3);A3(1);B3(1);A3(2);A3(3);A3(4);D3(2);D3(3);D3(4);A2(1);B2(4);C2(4);C3(4);A2(2);A2(3);B3(2);B3(3);B3(4);C4(4);A2(4);C1(3);D2(3);D2(4);C1(4)"
     21, 2026-09-20T21:53:56.818622,     4, Classic        , Classic        ,    62, Black ,        443, "D1(1);A1(1);D4(1);A4(1);A2(1);D2(1);A2(2);A2(3);A1(2);A4(2);A4(3);A4(4);D1(2);D4(2);A2(4);D1(3);D1(4);C3(1);D2(2);D2(3);D2(4);A3(1);D4(3);D4(4);A3(2);D3(1);B3(1);D3(2);D3(3);C4(1);B3(2);B3(3);B2(1);B2(2);B2(3);B4(1);B4(2);A1(3);A1(4);C3(2);C3(3);C1(1);C2(1);C1(2);C1(3);C1(4);C4(2);C4(3);C4(4);B1(1);B2(4);B3(4);B1(2);C3(4);D3(4);C2(2);C2(3);C2(4);B4(3);A3(3);A3(4);B4(4)"
     22, 2026-09-20T21:53:57.172588,     4, Classic        , Classic        ,    64, Draw  ,        353, "A1(1);D1(1);A4(1);D4(1);D2(1);A2(1);D2(2);D2(3);D1(2);D4(2);D4(3);D4(4);A1(2);A4(2);D2(4);A1(3);A1(4);B3(1);A2(2);A2(3);A2(4);D3(1);A4(3);A4(4);D3(2);A3(1);C3(1);A3(2);A3(3);B4(1);C3(2);C3(3);C2(1);C2(2);C2(3);C4(1);C4(2);B3(2);B3(3);D1(3);B1(1);B1(2);C1(1);C4(3);C1(2);C1(3);B1(3);B1(4);B4(2);C4(4);C2(4);B3(4);B2(1);C3(4);A3(4);D3(3);D3(4);B4(3);B4(4);B2(2);B2(3);B2(4);C1(4);D1(4)"
     23, 2026-09-20T21:53:57.504113,     4, Classic        , Classic        ,    64, Draw  ,        331, "D1(1);D4(1);A1(1);A4(1);B4(1);B1(1);B4(2);B4(3);A4(2);D4(2);D4(3);D4(4);A1(2);D1(2);B4(4);A1(3);A1(4);C2(1);B1(2);B1(3);B1(4);C4(1);D1(3);D1(4);C4(2);C1(1);C3(1);C1(2);C1(3);D2(1);C3(2);C3(3);B3(1);B3(2);B3(3);D3(1);D3(2);A4(3);A4(4);C2(2);C2(3);A2(1);B2(1);A2(2);A2(3);A2(4);D2(2);D2(3);D2(4);A3(1);B3(4);C3(4);C1(4);A3(2);C2(4);B2(2);B2(3);B2(4);C4(3);D3(3);C4(4);A3(3);A3(4);D3(4)"
     24, 2026-09-20T21:53:57.934803,     4, Classic        , Classic        ,    47, White ,        430, "D4(1);A4(1);D1(1);A1(1);A2(1);D2(1);A2(2);A2(3);A1(2);A4(2);A4(3);A4(4);D2(2);D4(2);D2(3);D1(2);A2(4);B4(1);B4(2);B1(1);B2(1);B2(2);B2(3);B4(3);B4(4);B3(1);B3(2);A3(1);D4(3);D4(4);D1(3);A3(2);D1(4);A3(3);A3(4);A1(3);A1(4);D3(1);C3(1);D2(4);C4(1);C3(2);C3(3);C2(1);C1(1);D3(2);D3(3)"
     25, 2026-09-20T21:53:58.333462,     4, Classic        , Classic        ,    64, Draw  ,        398, "A4(1);D1(1);D4(1);A1(1);B1(1);B4(1);B1(2);B1(3);A1(2);D1(2);D1(3);D1(4);A4(2);D4(2);B1(4);A4(3);A4(4);C3(1);B4(2);B4(3);B4(4);C1(1);D4(3);D4(4);C1(2);C4(1);C2(1);C4(2);C4(3);D3(1);C2(2);C2(3);B2(1);B2(2);B2(3);D2(1);D2(2);C3(2);C3(3);A1(3);A3(1);A3(2);A2(1);D2(3);A2(2);A2(3);A3(3);A3(4);D3(2);D2(4);B2(4);C3(4);B3(1);C2(4);C4(4);C1(3);C1(4);D3(3);D3(4);B3(2);B3(3);B3(4);A2(4);A1(4)"
     26, 2026-09-20T21:53:58.750554,     4, Classic        , Classic        ,    62, Black ,        416, "A4(1);A1(1);D4(1);D1(1);B1(1);B4(1);B1(2);B1(3);A1(2);D1(2);D1(3);D1(4);A4(2);D4(2);B1(4);A4(3);A4(4);C3(1);B4(2);B4(3);B4(4);C1(1);D4(3);D4(4);C1(2);C4(1);C2(1);C4(2);C4(3);D3(1);C2(2);C2(3);B2(1);B2(2);B2(3);D2(1);D2(2);A1(3);A1(4);C3(2);C3(3);A3(1);B3(1);A3(2);A3(3);A3(4);D3(2);D3(3);D3(4);A2(1);B2(4);C2(4);A2(2);C3(4);C4(4);B3(2);B3(3);B3(4);C1(3);D2(3);D2(4);C1(4)"
     27, 2026-09-20T21:53:59.144522,     4, Classic        , Classic        ,    61, White ,        393, "D4(1);D1(1);A4(1);A1(1);C1(1);C4(1);C1(2);C1(3);D1(2);A1(2);A1(3);A1(4);D4(2);A4(2);C1(4);D4(3);D4(4);B3(1);C4(2);C4(3);C4(4);B1(1);A4(3);A4(4);B1(2);B4(1);B2(1);B4(2);B4(3);A3(1);B2(2);B2(3);C2(1);C2(2);C2(3);A2(1);A2(2);B3(2);B3(3);D1(3);D3(1);D3(2);D2(1);A2(3);D2(2);D2(3);D3(3);D3(4);A2(4);C2(4);A3(2);B3(4);D1(4);D2(4);B4(4);C3(1);A3(3);A3(4);B2(4);C3(2);C3(3)"
     28, 2026-09-20T21:53:59.519815,     4, Classic        , Classic        ,    64, Draw  ,        374, "A1(1);D4(1);D1(1);A4(1);B4(1);B1(1);B4(2);B4(3);A4(2);D4(2);D4(3);D4(4);A1(2);D1(2);B4(4);A1(3);A1(4);C2(1);B1(2);B1(3);B1(4);C4(1);D1(3);D1(4);C4(2);C1(1);C3(1);C1(2);C1(3);D2(1);C3(2);C3(3);B3(1);B3(2);B3(3);D3(1);D3(2);C2(2);C2(3);A4(3);A2(1);A2(2);A3(1);D3(3);A3(2);A3(3);A2(3);A2(4);D2(2);D3(4);B3(4);C2(4);B2(1);A4(4);C1(4);C4(3);C4(4);D2(3);D2(4);B2(2);B2(3);B2(4);A3(4);C3(4)"
     29, 2026-09-20T21:53:59.904786,     4, Classic        , Classic        ,    64, Draw  ,        384, "A4(1);D1(1);D4(1);A1(1);B1(1);B4(1);B1(2);B1(3);A1(2);D1(2);D1(3);D1(4);A4(2);D4(2);B1(4);A4(3);A4(4);C3(1);B4(2);B4(3);B4(4);C1(1);D4(3);D4(4);C1(2);C4(1);C2(1);C4(2);C4(3);D3(1);C2(2);C2(3);B2(1);B2(2);B2(3);D2(1);D2(2);A1(3);A1(4);C3(2);C3(3);A3(1);B3(1);A3(2);A3(3);A3(4);D3(2);D3(3);D3(4);A2(1);B2(4);C2(4);A2(2);C4(4);C3(4);B3(2);B3(3);B3(4);A2(3);A2(4);D2(3);C1(3);D2(4);C1(4)"
     30, 2026-09-20T21:54:00.312763,     4, Classic        , Classic        ,    49, White ,        407, "A1(1);D4(1);A4(1);D1(1);D3(1);A3(1);D3(2);D3(3);D4(2);D1(2);D1(3);D1(4);A3(2);A1(2);A3(3);A4(2);D3(4);B1(1);B1(2);B4(1);B2(1);B4(2);B4(3);D2(1);D2(2);B4(4);B2(2);B2(3);A3(4);B2(4);C4(1);C1(1);C1(2);B1(3);B1(4);C1(3);C1(4);D2(3);D2(4);A1(3);A1(4);D4(3);D4(4);B3(1);B3(2);A4(3);C3(1);C3(2);C3(3)"
     31, 2026-09-20T21:54:00.707218,     4, Classic        , Classic        ,    43, White ,        394, "A1(1);D1(1);A4(1);D4(1);D2(1);A2(1);D2(2);D2(3);D1(2);D4(2);D4(3);D4(4);A2(2);A4(2);A2(3);A1(2);D2(4);C4(1);C4(2);C1(1);C2(1);C2(2);C2(3);C4(3);C4(4);C3(1);C3(2);D3(1);A4(3);A4(4);A1(3);D3(2);A1(4);D1(3);D1(4);D3(3);D3(4);B3(1);A3(1);A3(2);C3(3);A3(3);B3(2)"
     32, 2026-09-20T21:54:01.130527,     4, Classic        , Classic        ,    51, White ,        423, "D1(1);A1(1);D4(1);A4(1);A2(1);D2(1);A2(2);A2(3);A1(2);A4(2);A4(3);A4(4);D2(2);D4(2);D2(3);D1(2);A2(4);B4(1);B4(2);B1(1);B2(1);B2(2);B2(3);B4(3);B4(4);B3(1);B3(2);A3(1);D4(3);D4(4);D1(3);A3(2);D1(4);A3(3);A3(4);A1(3);A1(4);D3(1);C3(1);B2(4);D2(4);C4(1);B3(3);C1(1);B3(4);C2(1);C4(2);D3(2);C4(3);C3(2);D3(3)"
     33, 2026-09-20T21:54:01.624026,     4, Classic        , Classic        ,    61, White ,        493, "D1(1);A1(1);D4(1);A4(1);A3(1);D3(1);A3(2);A3(3);A4(2);A1(2);A1(3);A1(4);D3(2);D1(2);D3(3);D4(2);A3(4);C1(1);C1(2);C4(1);C2(1);C4(2);C4(3);A2(1);A2(2);C2(2);C2(3);C1(3);C4(4);B2(1);B2(2);B1(1);B1(2);B2(3);D2(1);B4(1);B3(1);B3(2);D2(2);D2(3);A4(3);B3(3);B3(4);B2(4);D3(4);C2(4);D2(4);C1(4);A4(4);C3(1);C3(2);A2(3);A2(4);D1(3);D1(4);B1(3);B1(4);D4(3);C3(3);C3(4);D4(4)"
     34, 2026-09-20T21:54:02.060968,     4, Classic        , Classic        ,    59, White ,        436, "A4(1);A1(1);D4(1);D1(1);B1(1);B4(1);B1(2);B1(3);A1(2);D1(2);D1(3);D1(4);B4(2);D4(2);B4(3);A4(2);B1(4);D2(1);D2(2);A2(1);B2(1);B2(2);B2(3);D2(3);D2(4);C2(1);C2(2);C1(1);D4(3);D4(4);A4(3);A4(4);C4(1);C1(2);B4(4);A2(2);C2(3);C2(4);A2(3);A1(3);A1(4);B2(4);C1(3);C1(4);C3(1);C3(2);C3(3);C3(4);D3(1);B3(1);B3(2);B3(3);B3(4);D3(2);D3(3);A2(4);A3(1);C4(2);C4(3)"
     35, 2026-09-20T21:54:02.477565,     4, Classic        , Classic        ,    62, Black ,        416, "A4(1);A1(1);D4(1);D1(1);B1(1);B4(1);B1(2);B1(3);A1(2);D1(2);D1(3);D1(4);A4(2);D4(2);B1(4);A4(3);A4(4);C3(1);B4(2);B4(3);B4(4);C1(1);D4(3);D4(4);C1(2);C4(1);C2(1);C4(2);C4(3);D3(1);C2(2);C2(3);B2(1);B2(2);B2(3);D2(1);D2(2);A1(3);A1(4);C3(2);C3(3);A3(1);B3(1);A3(2);A3(3);A3(4);D3(2);D3(3);D3(4);A2(1);B2(4);C2(4);A2(2);C4(4);C3(4);B3(2);B3(3);B3(4);C1(3);D2(3);D2(4);C1(4)"
     36, 2026-09-20T21:54:02.822474,     4, Classic        , Classic        ,    62, Black ,        344, "A4(1);D1(1);A1(1);D4(1);D2(1);A2(1);D2(2);D2(3);D1(2);D4(2);D4(3);D4(4);A1(2);A4(2);D2(4);A1(3);A1(4);B3(1);A2(2);A2(3);A2(4);D3(1);A4(3);A4(4);D3(2);A3(1);C3(1);A3(2);A3(3);B4(1);C3(2);C3(3);C2(1);C2(2);C2(3);C4(1);C4(2);B3(2);B3(3);D1(3);B1(1);B1(2);C1(1);C4(3);C1(2);C1(3);B1(3);B1(4);B4(2);C4(4);C2(4);B3(4);B2(1);C3(4);A3(4);C1(4);D1(4);B4(3);B4(4);B2(2);D3(3);B2(3)"
     37, 2026-09-20T21:54:03.209991,     4, Classic        , Classic        ,    59, White ,        387, "D4(1);A1(1);A4(1);D1(1);C1(1);C4(1);C1(2);C1(3);D1(2);A1(2);A1(3);A1(4);C4(2);A4(2);C4(3);D4(2);C1(4);A2(1);A2(2);D2(1);C2(1);C2(2);C2(3);A2(3);A2(4);B2(1);B2(2);B1(1);A4(3);A4(4);D4(3);B1(2);D4(4);D1(3);D1(4);B1(3);B1(4);A3(1);B4(1);C4(4);D2(2);C3(1);A3(2);C2(4);B3(1);D3(1);A3(3);D2(3);B2(3);B3(2);B3(3);B2(4);C3(2);B3(4);A3(4);D3(2);D3(3);D3(4);C3(3)"
     38, 2026-09-20T21:54:03.663659,     4, Classic        , Classic        ,    41, White ,        453, "A4(1);A1(1);D4(1);D1(1);B1(1);B4(1);B1(2);B1(3);A1(2);D1(2);D1(3);D1(4);B4(2);D4(2);B4(3);A4(2);B1(4);D3(1);D3(2);C3(1);A3(1);C3(2);C4(1);C3(3);C3(4);D3(3);C4(2);C4(3);C4(4);C2(1);C2(2);B2(1);B2(2);B4(4);C2(3);A2(1);D2(1);D2(2);B3(1);D4(3);B3(2)"
     39, 2026-09-20T21:54:04.138012,     4, Classic        , Classic        ,    63, White ,        474, "D4(1);A1(1);A4(1);D1(1);C1(1);C4(1);C1(2);C1(3);D1(2);A1(2);A1(3);A1(4);C4(2);A4(2);C4(3);D4(2);C1(4);A3(1);A3(2);D3(1);B3(1);D3(2);D3(3);B1(1);B1(2);B3(2);B3(3);A3(3);D3(4);B2(1);B2(2);A2(1);A2(2);B2(3);B4(1);D2(1);C2(1);C2(2);B4(2);B4(3);D1(3);C2(3);C2(4);B2(4);C4(4);B3(4);B4(4);A3(4);D1(4);C3(1);C3(2);B1(3);B1(4);A4(3);A4(4);A2(3);A2(4);D2(2);D2(3);D2(4);C3(3);C3(4);D4(3)"
     40, 2026-09-20T21:54:04.581161,     4, Classic        , Classic        ,    58, Black ,        442, "A1(1);A4(1);D1(1);D4(1);C4(1);C1(1);C4(2);C4(3);D4(2);A4(2);A4(3);A4(4);C1(2);A1(2);C1(3);D1(2);C4(4);A2(1);A2(2);B2(1);D2(1);B2(2);B1(1);B2(3);B2(4);A2(3);B1(2);B1(3);C1(4);C2(1);D1(3);D1(4);C2(2);C2(3);C3(1);C3(2);B4(1);D2(2);B4(2);B4(3);D3(1);B1(4);C2(4);B4(4);B3(1);A3(1);A1(3);D4(3);D4(4);A2(4);A3(2);A3(3);A1(4);D3(2);A3(4);D3(3);D3(4);B3(2)"
     41, 2026-09-20T21:54:05.03723 ,     4, Classic        , Classic        ,    59, White ,        455, "A1(1);D1(1);A4(1);D4(1);D3(1);A3(1);D3(2);D3(3);D4(2);D1(2);D1(3);D1(4);A3(2);A1(2);A3(3);A4(2);D3(4);C1(1);C1(2);C4(1);C3(1);C3(2);C3(3);C1(3);C1(4);C2(1);C2(2);D2(1);A1(3);A1(4);A4(3);A4(4);A2(1);D2(2);A3(4);C4(2);C2(3);C2(4);C4(3);D4(3);D4(4);C3(4);D2(3);D2(4);B2(1);B2(2);B2(3);B2(4);B1(1);B3(1);B3(2);B3(3);B3(4);C4(4);B1(2);B1(3);B1(4);A2(2);B4(1)"
     42, 2026-09-20T21:54:05.401876,     4, Classic        , Classic        ,    43, White ,        364, "D4(1);D1(1);A4(1);A1(1);C1(1);C4(1);C1(2);C1(3);D1(2);A1(2);A1(3);A1(4);C4(2);A4(2);C4(3);D4(2);C1(4);A2(1);A2(2);D2(1);C2(1);C2(2);C2(3);A2(3);A2(4);B2(1);B2(2);B1(1);A4(3);A4(4);D4(3);B1(2);D4(4);D1(3);D1(4);B1(3);B1(4);D2(2);B4(1);B4(2);B3(1);B3(2);B4(3)"
     43, 2026-09-20T21:54:05.82498 ,     4, Classic        , Classic        ,    62, Black ,        422, "D1(1);A1(1);D4(1);A4(1);A2(1);D2(1);A2(2);A2(3);A1(2);A4(2);A4(3);A4(4);D1(2);D4(2);A2(4);D1(3);D1(4);C3(1);D2(2);D2(3);D2(4);A3(1);D4(3);D4(4);A3(2);D3(1);B3(1);D3(2);D3(3);C4(1);B3(2);B3(3);B2(1);B2(2);B2(3);B4(1);B4(2);A1(3);A1(4);C3(2);C3(3);C1(1);C2(1);C1(2);C1(3);C1(4);C4(2);C4(3);C4(4);B1(1);B2(4);B3(4);B1(2);B1(3);C3(4);C2(2);C2(3);C2(4);A3(3);B4(3);B4(4);A3(4)"
     44, 2026-09-20T21:54:06.222503,     4, Classic        , Classic        ,    61, White ,        397, "D4(1);D1(1);A4(1);A1(1);C1(1);C4(1);C1(2);C1(3);D1(2);A1(2);A1(3);A1(4);C4(2);A4(2);C4(3);D4(2);C1(4);A2(1);A2(2);D2(1);C2(1);C2(2);C2(3);A2(3);A2(4);B2(1);B2(2);B1(1);A4(3);A4(4);D4(3);B1(2);D4(4);B1(3);B1(4);D1(3);D1(4);D3(1);B4(1);B3(1);D3(2);D3(3);A3(1);B3(2);B3(3);C2(4);C3(1);A3(2);D2(2);D2(3);C4(4);C3(2);C3(3);B4(2);A3(3);B3(4);C3(4);B4(3);D3(4);B2(3);D2(4)"
     45, 2026-09-20T21:54:06.713649,     4, Classic        , Classic        ,    41, White ,        490, "D1(1);A4(1);D4(1);A1(1);A2(1);D2(1);A2(2);A2(3);A1(2);A4(2);A4(3);A4(4);D2(2);D4(2);D2(3);D1(2);A2(4);C4(1);C4(2);C3(1);C1(1);C3(2);D3(1);C3(3);C3(4);C4(3);D3(2);D3(3);D3(4);B3(1);B3(2);B2(1);B2(2);D2(4);B3(3);B1(1);B4(1);B4(2);C2(1);D4(3);C2(2)"
     46, 2026-09-20T21:54:07.040747,     4, Classic        , Classic        ,    61, White ,        326, "A4(1);D4(1);A1(1);D1(1);D2(1);A2(1);D2(2);D2(3);D1(2);D4(2);D4(3);D4(4);A1(2);A4(2);D2(4);A1(3);A1(4);B3(1);A2(2);A2(3);A2(4);D3(1);A4(3);A4(4);D3(2);A3(1);C3(1);A3(2);A3(3);B4(1);C3(2);C3(3);C2(1);C2(2);C2(3);C4(1);C4(2);B3(2);B3(3);D1(3);B1(1);B1(2);C1(1);C4(3);C1(2);C1(3);B1(3);B1(4);C4(4);C2(4);B4(2);B3(4);D1(4);C1(4);C3(4);B2(1);B4(3);B4(4);A3(4);B2(2);B2(3)"
     47, 2026-09-20T21:54:07.438038,     4, Classic        , Classic        ,    59, White ,        397, "D1(1);A4(1);D4(1);A1(1);A2(1);D2(1);A2(2);A2(3);A1(2);A4(2);A4(3);A4(4);D2(2);D4(2);D2(3);D1(2);A2(4);B4(1);B4(2);B1(1);B2(1);B2(2);B2(3);B4(3);B4(4);B3(1);B3(2);A3(1);D4(3);D4(4);D1(3);D1(4);D3(1);A3(2);D2(4);B1(2);B3(3);B3(4);B1(3);A3(3);A3(4);B2(4);B1(4);C4(1);C2(1);C4(2);C4(3);C4(4);C1(1);C1(2);C1(3);A1(3);A1(4);C1(4);C2(2);D3(2);C3(1);C3(2);C2(3)"
     48, 2026-09-20T21:54:07.812913,     4, Classic        , Classic        ,    57, White ,        374, "D1(1);D4(1);A1(1);A4(1);B4(1);B1(1);B4(2);B4(3);A4(2);D4(2);D4(3);D4(4);B1(2);D1(2);B1(3);A1(2);B4(4);D3(1);D3(2);A3(1);B3(1);B3(2);B3(3);D3(3);D3(4);C3(1);C3(2);C4(1);D1(3);D1(4);A1(3);C4(2);A1(4);C4(3);C4(4);A4(3);A4(4);D2(1);C1(1);B1(4);A2(1);C3(3);C3(4);A3(2);A3(3);C2(1);B2(1);D2(2);D2(3);D2(4);B3(4);C1(2);B2(2);C1(3);B2(3);C1(4);C2(2)"
     49, 2026-09-20T21:54:08.215381,     4, Classic        , Classic        ,    49, White ,        402, "A1(1);D4(1);D1(1);A4(1);C4(1);C1(1);C4(2);C4(3);D4(2);A4(2);A4(3);A4(4);C1(2);A1(2);C1(3);D1(2);C4(4);A2(1);A2(2);D2(1);B2(1);D2(2);D2(3);B4(1);B4(2);D2(4);B2(2);B2(3);C1(4);B2(4);D3(1);A3(1);A3(2);A2(3);A2(4);A3(3);A3(4);B4(3);B4(4);A1(3);A1(4);D4(3);D4(4);C2(1);C2(2);D1(3);C3(1);C3(2);C3(3)"
     50, 2026-09-20T21:54:08.546794,     4, Classic        , Classic        ,    62, Black ,        331, "A4(1);D4(1);A1(1);D1(1);D2(1);A2(1);D2(2);D2(3);D1(2);D4(2);D4(3);D4(4);A1(2);A4(2);D2(4);A1(3);A1(4);B3(1);A2(2);A2(3);A2(4);D3(1);A4(3);A4(4);D3(2);A3(1);C3(1);A3(2);A3(3);B4(1);C3(2);C3(3);C2(1);C2(2);C2(3);C4(1);C4(2);B3(2);B3(3);D1(3);B1(1);B1(2);C1(1);C4(3);C1(2);C1(3);B1(3);B1(4);B4(2);C4(4);C2(4);B3(4);B2(1);C1(4);A3(4);D1(4);C3(4);B4(3);B4(4);B2(2);D3(3);B2(3)"
     51, 2026-09-20T21:54:09.024235,     4, Classic        , Classic        ,    41, White ,        477, "D1(1);A1(1);D4(1);A4(1);A2(1);D2(1);A2(2);A2(3);A1(2);A4(2);A4(3);A4(4);D2(2);D4(2);D2(3);D1(2);A2(4);C4(1);C4(2);C3(1);C1(1);C3(2);D3(1);C3(3);C3(4);C4(3);D3(2);D3(3);D3(4);B3(1);B3(2);B2(1);B2(2);D2(4);B3(3);B1(1);B4(1);B4(2);C2(1);D4(3);C2(2)"
     52, 2026-09-20T21:54:09.399635,     4, Classic        , Classic        ,    57, White ,        375, "A4(1);D1(1);D4(1);A1(1);C1(1);C4(1);C1(2);C1(3);D1(2);A1(2);A1(3);A1(4);C4(2);A4(2);C4(3);D4(2);C1(4);A2(1);A2(2);D2(1);C2(1);C2(2);C2(3);A2(3);A2(4);B2(1);B2(2);B1(1);A4(3);A4(4);D4(3);B1(2);D4(4);D1(3);D1(4);B1(3);B1(4);B2(3);B4(1);C2(4);D2(2);D3(1);B2(4);A3(1);C4(4);D3(2);D3(3);B3(1);C3(1);D2(3);D2(4);B3(2);B3(3);C3(2);A3(2);C3(3);D3(4)"
     53, 2026-09-20T21:54:09.822118,     4, Classic        , Classic        ,    61, White ,        422, "D4(1);A1(1);D1(1);A4(1);A3(1);D3(1);A3(2);A3(3);A4(2);A1(2);A1(3);A1(4);D4(2);D1(2);A3(4);D4(3);D4(4);C2(1);D3(2);D3(3);D3(4);A2(1);D1(3);D1(4);A2(2);D2(1);B2(1);D2(2);D2(3);C1(1);B2(2);B2(3);B3(1);B3(2);B3(3);B1(1);B1(2);C2(2);C2(3);A4(3);C4(1);C4(2);B4(1);B1(3);B4(2);B4(3);C4(3);C4(4);B1(4);B3(4);C1(2);C2(4);A4(4);B2(4);D2(4);C3(1);C1(3);C1(4);B4(4);C3(2);C3(3)"
     54, 2026-09-20T21:54:10.254685,     4, Classic        , Classic        ,    59, White ,        432, "A4(1);A1(1);D4(1);D1(1);B1(1);B4(1);B1(2);B1(3);A1(2);D1(2);D1(3);D1(4);B4(2);D4(2);B4(3);A4(2);B1(4);D2(1);D2(2);A2(1);B2(1);B2(2);B2(3);D2(3);D2(4);C2(1);C2(2);C1(1);D4(3);D4(4);A4(3);A4(4);C4(1);C1(2);B4(4);A2(2);C2(3);C2(4);A2(3);C1(3);C1(4);B2(4);A2(4);D3(1);B3(1);D3(2);D3(3);D3(4);A3(1);A3(2);A3(3);A1(3);A1(4);A3(4);B3(2);C3(1);C4(2);C3(2);C4(3)"
     55, 2026-09-20T21:54:10.723402,     4, Classic        , Classic        ,    63, White ,        468, "D4(1);A4(1);D1(1);A1(1);A2(1);D2(1);A2(2);A2(3);A1(2);A4(2);A4(3);A4(4);D2(2);D4(2);D2(3);D1(2);A2(4);C4(1);C4(2);C1(1);C3(1);C1(2);C1(3);A3(1);A3(2);C3(2);C3(3);C4(3);C1(4);B3(1);B3(2);B4(1);B4(2);B3(3);D3(1);B1(1);B2(1);B2(2);D3(2);D3(3);A1(3);B2(3);B2(4);B3(4);D2(4);C3(4);D3(4);C4(4);A1(4);C2(1);C2(2);A3(3);A3(4);D4(3);D4(4);B4(3);B4(4);B1(2);B1(3);D1(3);C2(3);B1(4);D1(4)"
     56, 2026-09-20T21:54:11.222188,     4, Classic        , Classic        ,    58, Black ,        498, "A1(1);D1(1);A4(1);D4(1);D3(1);A3(1);D3(2);D3(3);D4(2);D1(2);D1(3);D1(4);A3(2);A1(2);A3(3);A4(2);D3(4);B1(1);B1(2);B2(1);B4(1);B2(2);B2(3);D2(1);D2(2);A2(1);C2(1);C2(2);C3(1);C2(3);C3(2);C3(3);A4(3);A4(4);A2(2);A2(3);C1(1);C4(1);A3(4);C2(4);C3(4);B2(4);B4(2);B4(3);C4(2);C4(3);A2(4);B4(4);C4(4);A1(3);A1(4);D4(3);D4(4);C1(2);C1(3);C1(4);D2(3);D2(4)"
     57, 2026-09-20T21:54:11.642879,     4, Classic        , Classic        ,    48, Black ,        420, "A1(1);A4(1);D1(1);D4(1);B4(1);B1(1);B4(2);B4(3);A4(2);D4(2);D4(3);D4(4);B1(2);D1(2);B1(3);A1(2);B4(4);D2(1);D2(2);C2(1);A2(1);C2(2);C1(1);C2(3);C2(4);D2(3);C1(2);C1(3);B1(4);B2(1);A1(3);A1(4);B2(2);B2(3);B3(1);B3(2);B2(4);A2(2);D3(1);C1(4);A4(3);D3(2);C3(1);A3(1);C3(2);A3(2);A3(3);A2(3)"
     58, 2026-09-20T21:54:12.000142,     4, Classic        , Classic        ,    62, Black ,        356, "A1(1);D4(1);D1(1);A4(1);B4(1);B1(1);B4(2);B4(3);A4(2);D4(2);D4(3);D4(4);A1(2);D1(2);B4(4);A1(3);A1(4);C2(1);B1(2);B1(3);B1(4);C4(1);D1(3);D1(4);C4(2);C1(1);C3(1);C1(2);C1(3);D2(1);C3(2);C3(3);B3(1);B3(2);B3(3);D3(1);D3(2);A4(3);A4(4);C2(2);C2(3);A2(1);B2(1);A2(2);A2(3);A2(4);D2(2);D2(3);D2(4);A3(1);B3(4);C3(4);C2(4);C1(4);A3(2);B2(2);B2(3);B2(4);C4(3);D3(3);D3(4);C4(4)"
     59, 2026-09-20T21:54:12.415568,     4, Classic        , Classic        ,    62, Black ,        415, "D1(1);A1(1);D4(1);A4(1);A2(1);D2(1);A2(2);A2(3);A1(2);A4(2);A4(3);A4(4);D1(2);D4(2);A2(4);D1(3);D1(4);C3(1);D2(2);D2(3);D2(4);A3(1);D4(3);D4(4);A3(2);D3(1);B3(1);D3(2);D3(3);C4(1);B3(2);B3(3);B2(1);B2(2);B2(3);B4(1);B4(2);C3(2);C3(3);A1(3);C1(1);C1(2);B1(1);B4(3);B1(2);B1(3);C1(3);C1(4);C4(2);B4(4);B2(4);C3(4);C2(1);B1(4);D3(4);B3(4);A1(4);C4(3);C4(4);C2(2);A3(3);C2(3)"
     60, 2026-09-20T21:54:12.827677,     4, Classic        , Classic        ,    47, White ,        411, "A4(1);D1(1);A1(1);D4(1);D3(1);A3(1);D3(2);D3(3);D4(2);D1(2);D1(3);D1(4);A3(2);A1(2);A3(3);A4(2);D3(4);C1(1);C1(2);C4(1);C3(1);C3(2);C3(3);C1(3);C1(4);C2(1);C2(2);D2(1);A1(3);A1(4);A4(3);D2(2);A4(4);D4(3);D4(4);D2(3);D2(4);B4(1);A2(1);A3(4);C4(2);B2(1);B3(1);A2(2);B1(1);B2(2);A2(3)"
     61, 2026-09-20T21:54:13.240969,     4, Classic        , Classic        ,    61, White ,        413, "A1(1);A4(1);D1(1);D4(1);C4(1);C1(1);C4(2);C4(3);D4(2);A4(2);A4(3);A4(4);D1(2);A1(2);C4(4);D1(3);D1(4);B2(1);C1(2);C1(3);C1(4);B4(1);A1(3);A1(4);B4(2);B1(1);B3(1);B1(2);B1(3);A2(1);B3(2);B3(3);C3(1);C3(2);C3(3);A3(1);A3(2);B2(2);B2(3);D4(3);D2(1);D2(2);D3(1);A3(3);D3(2);D3(3);D2(3);D2(4);A3(4);C3(4);A2(2);B2(4);D4(4);D3(4);B1(4);C2(1);A2(3);A2(4);B3(4);C2(2);C2(3)"
     62, 2026-09-20T21:54:13.708031,     4, Classic        , Classic        ,    41, White ,        466, "D4(1);A4(1);D1(1);A1(1);A3(1);D3(1);A3(2);A3(3);A4(2);A1(2);A1(3);A1(4);D3(2);D1(2);D3(3);D4(2);A3(4);C1(1);C1(2);C2(1);C4(1);C2(2);D2(1);C2(3);C2(4);C1(3);D2(2);D2(3);D2(4);B2(1);B2(2);B3(1);B3(2);D3(4);B2(3);B4(1);B1(1);B1(2);C3(1);D1(3);C3(2)"
     63, 2026-09-20T21:54:14.085855,     4, Classic        , Classic        ,    62, Black ,        377, "A1(1);A4(1);D1(1);D4(1);B4(1);B1(1);B4(2);B4(3);A4(2);D4(2);D4(3);D4(4);A1(2);D1(2);B4(4);A1(3);A1(4);C2(1);B1(2);B1(3);B1(4);C4(1);D1(3);D1(4);C4(2);C1(1);C3(1);C1(2);C1(3);D2(1);C3(2);C3(3);B3(1);B3(2);B3(3);D3(1);D3(2);A4(3);A4(4);C2(2);C2(3);A2(1);B2(1);A2(2);A2(3);A2(4);D2(2);D2(3);D2(4);A3(1);B3(4);C3(4);C2(4);C1(4);A3(2);B2(2);B2(3);B2(4);D3(3);C4(3);C4(4);D3(4)"
     64, 2026-09-20T21:54:14.529289,     4, Classic        , Classic        ,    61, White ,        443, "D4(1);A1(1);D1(1);A4(1);A3(1);D3(1);A3(2);A3(3);A4(2);A1(2);A1(3);A1(4);D4(2);D1(2);A3(4);D4(3);D4(4);C2(1);D3(2);D3(3);D3(4);A2(1);D1(3);D1(4);A2(2);D2(1);B2(1);D2(2);D2(3);C1(1);B2(2);B2(3);B3(1);B3(2);B3(3);B1(1);B1(2);C2(2);C2(3);A4(3);C4(1);C4(2);B4(1);B1(3);B4(2);B4(3);C4(3);C4(4);B1(4);B3(4);C1(2);C2(4);A4(4);D2(4);B2(4);C3(1);C1(3);C1(4);B4(4);C3(2);C3(3)"
     65, 2026-09-20T21:54:14.912676,     4, Classic        , Classic        ,    64, Draw  ,        382, "A4(1);D1(1);D4(1);A1(1);B1(1);B4(1);B1(2);B1(3);A1(2);D1(2);D1(3);D1(4);A4(2);D4(2);B1(4);A4(3);A4(4);C3(1);B4(2);B4(3);B4(4);C1(1);D4(3);D4(4);C1(2);C4(1);C2(1);C4(2);C4(3);D3(1);C2(2);C2(3);B2(1);B2(2);B2(3);D2(1);D2(2);A1(3);A1(4);C3(2);C3(3);A3(1);B3(1);A3(2);A3(3);A3(4);D3(2);D3(3);D3(4);A2(1);B2(4);C2(4);C3(4);A2(2);C4(4);B3(2);B3(3);B3(4);C1(3);D2(3);D2(4);A2(3);C1(4);A2(4)"
     66, 2026-09-20T21:54:15.282118,     4, Classic        , Classic        ,    61, White ,        369, "A4(1);D4(1);A1(1);D1(1);D3(1);A3(1);D3(2);D3(3);D4(2);D1(2);D1(3);D1(4);A4(2);A1(2);D3(4);A4(3);A4(4);B2(1);A3(2);A3(3);A3(4);D2(1);A1(3);A1(4);D2(2);A2(1);C2(1);A2(2);A2(3);B1(1);C2(2);C2(3);C3(1);C3(2);C3(3);C1(1);C1(2);B2(2);B2(3);D4(3);B4(1);B4(2);C4(1);C1(3);C4(2);C4(3);B4(3);B4(4);C1(4);C3(4);B1(2);B2(4);D4(4);A2(4);C2(4);B3(1);B1(3);B1(4);C4(4);B3(2);B3(3)"
     67, 2026-09-20T21:54:15.726145,     4, Classic        , Classic        ,    41, White ,        443, "D4(1);A1(1);A4(1);D1(1);B1(1);B4(1);B1(2);B1(3);A1(2);D1(2);D1(3);D1(4);B4(2);D4(2);B4(3);A4(2);B1(4);D3(1);D3(2);C3(1);A3(1);C3(2);C4(1);C3(3);C3(4);D3(3);C4(2);C4(3);C4(4);C2(1);C2(2);B2(1);B2(2);B4(4);C2(3);A2(1);D2(1);D2(2);B3(1);D4(3);B3(2)"
     68, 2026-09-20T21:54:16.149086,     4, Classic        , Classic        ,    64, Draw  ,        422, "D4(1);A1(1);A4(1);D1(1);C1(1);C4(1);C1(2);C1(3);D1(2);A1(2);A1(3);A1(4);D4(2);A4(2);C1(4);D4(3);D4(4);B3(1);C4(2);C4(3);C4(4);B1(1);A4(3);A4(4);B1(2);B4(1);B2(1);B4(2);B4(3);A3(1);B2(2);B2(3);C2(1);C2(2);C2(3);A2(1);A2(2);B3(2);B3(3);D1(3);D3(1);D3(2);D2(1);A2(3);D2(2);D2(3);D3(3);D3(4);A3(2);A2(4);C2(4);B3(4);C3(1);B2(4);B4(4);B1(3);B1(4);A3(3);A3(4);C3(2);C3(3);C3(4);D1(4);D2(4)"
     69, 2026-09-20T21:54:16.519571,     4, Classic        , Classic        ,    64, Draw  ,        369, "A1(1);D1(1);A4(1);D4(1);D3(1);A3(1);D3(2);D3(3);D4(2);D1(2);D1(3);D1(4);A4(2);A1(2);D3(4);A4(3);A4(4);B2(1);A3(2);A3(3);A3(4);D2(1);A1(3);A1(4);D2(2);A2(1);C2(1);A2(2);A2(3);B1(1);C2(2);C2(3);C3(1);C3(2);C3(3);C1(1);C1(2);D4(3);D4(4);B2(2);B2(3);B4(1);B3(1);B4(2);B4(3);B4(4);B1(2);B1(3);B1(4);C4(1);C3(4);C2(4);C4(2);C4(3);A2(4);B3(2);B3(3);B3(4);C4(4);B2(4);C1(3);D2(3);D2(4);C1(4)"
     70, 2026-09-20T21:54:16.928326,     4, Classic        , Classic        ,    59, White ,        408, "A4(1);A1(1);D4(1);D1(1);C1(1);C4(1);C1(2);C1(3);D1(2);A1(2);A1(3);A1(4);C4(2);A4(2);C4(3);D4(2);C1(4);A2(1);A2(2);D2(1);C2(1);C2(2);C2(3);A2(3);A2(4);B2(1);B2(2);B1(1);A4(3);A4(4);D4(3);D4(4);B4(1);B1(2);C4(4);D2(2);B2(3);B2(4);D2(3);B1(3);B1(4);C2(4);D2(4);A3(1);C3(1);A3(2);A3(3);A3(4);D3(1);D3(2);D3(3);D1(3);D1(4);D3(4);C3(2);C3(3);C3(4);B3(1);B3(2)"
     71, 2026-09-20T21:54:17.348088,     4, Classic        , Classic        ,    59, White ,        418, "A1(1);D1(1);A4(1);D4(1);D2(1);A2(1);D2(2);D2(3);D1(2);D4(2);D4(3);D4(4);A2(2);A4(2);A2(3);A1(2);D2(4);C4(1);C4(2);C1(1);C2(1);C2(2);C2(3);C4(3);C4(4);C3(1);C3(2);D3(1);A4(3);A4(4);A1(3);A1(4);A3(1);D3(2);A2(4);C1(2);C3(3);C3(4);C1(3);D3(3);D3(4);C2(4);C1(4);B4(1);B2(1);B4(2);B4(3);B4(4);B1(1);B1(2);B1(3);D1(3);D1(4);B1(4);B2(2);B3(1);A3(2);B3(2);A3(3)"
     72, 2026-09-20T21:54:17.764649,     4, Classic        , Classic        ,    55, White ,        416, "A1(1);A4(1);D1(1);D4(1);B4(1);B1(1);B4(2);B4(3);A4(2);D4(2);D4(3);D4(4);B1(2);D1(2);B1(3);A1(2);B4(4);D3(1);D3(2);A3(1);B3(1);B3(2);B3(3);D3(3);D3(4);C3(1);C3(2);C4(1);D1(3);D1(4);A1(3);A1(4);C1(1);C4(2);B1(4);A3(2);C3(3);C3(4);A3(3);A4(3);A4(4);B3(4);D2(1);B2(1);D2(2);D2(3);D2(4);A3(4);C1(2);C1(3);C1(4);B2(2);A2(1);B2(3);A2(2)"
     73, 2026-09-20T21:54:18.125755,     4, Classic        , Classic        ,    55, White ,        360, "D4(1);A1(1);D1(1);A4(1);A3(1);D3(1);A3(2);A3(3);A4(2);A1(2);A1(3);A1(4);D3(2);D1(2);D3(3);D4(2);A3(4);B1(1);B1(2);B4(1);B3(1);B3(2);B3(3);B1(3);B1(4);B2(1);B2(2);A2(1);D1(3);D1(4);D4(3);D4(4);D2(1);A2(2);D3(4);B4(2);B2(3);B2(4);B4(3);A4(3);A4(4);B3(4);C1(1);C3(1);C1(2);C1(3);C1(4);B4(4);A2(3);A2(4);C3(2);C4(1);D2(2);C2(1);C4(2)"
     74, 2026-09-20T21:54:18.522643,     4, Classic        , Classic        ,    45, White ,        396, "A4(1);A1(1);D4(1);D1(1);C1(1);C4(1);C1(2);C1(3);D1(2);A1(2);A1(3);A1(4);C4(2);A4(2);C4(3);D4(2);C1(4);A2(1);A2(2);D2(1);C2(1);C2(2);C2(3);A2(3);A2(4);B2(1);B2(2);B1(1);A4(3);A4(4);D4(3);B1(2);D4(4);D1(3);D1(4);B1(3);B1(4);C3(1);B4(1);D2(2);C4(4);B4(2);B3(1);B4(3);B3(2)"
     75, 2026-09-20T21:54:19.013926,     4, Classic        , Classic        ,    61, White ,        491, "A1(1);A4(1);D1(1);D4(1);C4(1);C1(1);C4(2);C4(3);D4(2);A4(2);A4(3);A4(4);C1(2);A1(2);C1(3);D1(2);C4(4);A2(1);A2(2);D2(1);B2(1);D2(2);D2(3);B4(1);B4(2);B2(2);B2(3);A2(3);D2(4);B3(1);B3(2);A3(1);A3(2);B3(3);B1(1);D3(1);C3(1);C3(2);B1(2);B1(3);D4(3);C3(3);C3(4);B3(4);C1(4);B2(4);B1(4);A2(4);D4(4);C2(1);C2(2);B4(3);B4(4);A1(3);A1(4);A3(3);A3(4);D1(3);C2(3);C2(4);D1(4)"
     76, 2026-09-20T21:54:19.488386,     4, Classic        , Classic        ,    52, Black ,        474, "D4(1);A1(1);D1(1);A4(1);A3(1);D3(1);A3(2);A3(3);A4(2);A1(2);A1(3);A1(4);D3(2);D1(2);D3(3);D4(2);A3(4);C1(1);C1(2);C2(1);C4(1);C2(2);D2(1);C2(3);C2(4);C1(3);D2(2);D2(3);D3(4);C3(1);D4(3);D4(4);C3(2);C3(3);B3(1);B3(2);D1(3);B2(1);D1(4);C4(2);A4(3);C1(4);D2(4);B1(1);A2(1);B1(2);C3(4);B1(3);B4(1);B4(2);B4(3);C4(3)"
     77, 2026-09-20T21:54:19.824542,     4, Classic        , Classic        ,    42, Black ,        335, "A4(1);D4(1);A1(1);D1(1);D3(1);A3(1);D3(2);D3(3);D4(2);D1(2);D1(3);D1(4);A3(2);A1(2);A3(3);A4(2);D3(4);B1(1);B1(2);B2(1);B4(1);B2(2);A2(1);B2(3);B2(4);B1(3);A2(2);A2(3);A3(4);B3(1);A4(3);A4(4);B3(2);B3(3);C3(1);C3(2);B1(4);B4(2);B3(4);A2(4);B4(3);B4(4)"
     78, 2026-09-20T21:54:20.182067,     4, Classic        , Classic        ,    62, Black ,        357, "D1(1);D4(1);A1(1);A4(1);B4(1);B1(1);B4(2);B4(3);A4(2);D4(2);D4(3);D4(4);A1(2);D1(2);B4(4);A1(3);A1(4);C2(1);B1(2);B1(3);B1(4);C4(1);D1(3);D1(4);C4(2);C1(1);C3(1);C1(2);C1(3);D2(1);C3(2);C3(3);B3(1);B3(2);B3(3);D3(1);D3(2);C2(2);C2(3);A4(3);A2(1);A2(2);A3(1);D3(3);A3(2);A3(3);A2(3);A2(4);D2(2);D3(4);B3(4);C2(4);B2(1);A4(4);C1(4);A3(4);C3(4);D2(3);D2(4);B2(2);C4(3);B2(3)"
     79, 2026-09-20T21:54:20.600937,     4, Classic        , Classic        ,    64, Draw  ,        418, "A4(1);A1(1);D4(1);D1(1);C1(1);C4(1);C1(2);C1(3);D1(2);A1(2);A1(3);A1(4);D4(2);A4(2);C1(4);D4(3);D4(4);B3(1);C4(2);C4(3);C4(4);B1(1);A4(3);A4(4);B1(2);B4(1);B2(1);B4(2);B4(3);A3(1);B2(2);B2(3);C2(1);C2(2);C2(3);A2(1);A2(2);B3(2);B3(3);D1(3);D3(1);D3(2);D2(1);A2(3);D2(2);D2(3);D3(3);D3(4);A3(2);A2(4);C2(4);B3(4);C3(1);D2(4);B4(4);B1(3);B1(4);A3(3);A3(4);C3(2);C3(3);C3(4);B2(4);D1(4)"
     80, 2026-09-20T21:54:20.945098,     4, Classic        , Classic        ,    62, Black ,        343, "A4(1);D4(1);A1(1);D1(1);D3(1);A3(1);D3(2);D3(3);D4(2);D1(2);D1(3);D1(4);A4(2);A1(2);D3(4);A4(3);A4(4);B2(1);A3(2);A3(3);A3(4);D2(1);A1(3);A1(4);D2(2);A2(1);C2(1);A2(2);A2(3);B1(1);C2(2);C2(3);C3(1);C3(2);C3(3);C1(1);C1(2);D4(3);D4(4);B2(2);B2(3);B4(1);B3(1);B4(2);B4(3);B4(4);B1(2);B1(3);B1(4);C4(1);C3(4);C2(4);C4(2);C4(3);C4(4);B3(2);B3(3);B3(4);C1(3);D2(3);C1(4);D2(4)"
     81, 2026-09-20T21:54:21.291018,     4, Classic        , Classic        ,    62, Black ,        345, "A4(1);D1(1);A1(1);D4(1);D2(1);A2(1);D2(2);D2(3);D1(2);D4(2);D4(3);D4(4);A1(2);A4(2);D2(4);A1(3);A1(4);B3(1);A2(2);A2(3);A2(4);D3(1);A4(3);A4(4);D3(2);A3(1);C3(1);A3(2);A3(3);B4(1);C3(2);C3(3);C2(1);C2(2);C2(3);C4(1);C4(2);B3(2);B3(3);D1(3);B1(1);B1(2);C1(1);C4(3);C1(2);C1(3);B1(3);B1(4);B4(2);C4(4);C2(4);B3(4);B2(1);D1(4);C1(4);A3(4);C3(4);B4(3);B4(4);B2(2);D3(3);D3(4)"
     82, 2026-09-20T21:54:21.698764,     4, Classic        , Classic        ,    59, White ,        407, "D4(1);D1(1);A4(1);A1(1);B1(1);B4(1);B1(2);B1(3);A1(2);D1(2);D1(3);D1(4);B4(2);D4(2);B4(3);A4(2);B1(4);D2(1);D2(2);A2(1);B2(1);B2(2);B2(3);D2(3);D2(4);C2(1);C2(2);C1(1);D4(3);D4(4);A4(3);A4(4);C4(1);C1(2);B4(4);A2(2);C2(3);C2(4);A2(3);A1(3);A1(4);B2(4);C1(3);C1(4);C3(1);C3(2);C3(3);C3(4);D3(1);B3(1);B3(2);B3(3);B3(4);D3(2);A2(4);C4(2);A3(1);D3(3);D3(4)"
     83, 2026-09-20T21:54:22.132345,     4, Classic        , Classic        ,    62, Black ,        433, "D1(1);A1(1);D4(1);A4(1);A3(1);D3(1);A3(2);A3(3);A4(2);A1(2);A1(3);A1(4);D4(2);D1(2);A3(4);D4(3);D4(4);C2(1);D3(2);D3(3);D3(4);A2(1);D1(3);D1(4);A2(2);D2(1);B2(1);D2(2);D2(3);C1(1);B2(2);B2(3);B3(1);B3(2);B3(3);B1(1);B1(2);A4(3);A4(4);C2(2);C2(3);C4(1);C3(1);C4(2);C4(3);C4(4);C1(2);C1(3);C1(4);B4(1);B3(4);B2(4);B4(2);B4(3);D2(4);C3(2);C3(3);C3(4);A2(3);B1(3);A2(4);B1(4)"
     84, 2026-09-20T21:54:22.563261,     4, Classic        , Classic        ,    48, Black ,        430, "D4(1);D1(1);A4(1);A1(1);C1(1);C4(1);C1(2);C1(3);D1(2);A1(2);A1(3);A1(4);C4(2);A4(2);C4(3);D4(2);C1(4);A3(1);A3(2);B3(1);D3(1);B3(2);B4(1);B3(3);B3(4);A3(3);B4(2);B4(3);C4(4);C3(1);D4(3);D4(4);C3(2);C3(3);C2(1);C2(2);B2(1);D3(2);C2(3);D1(3);B2(2);A3(4);B4(4);C2(4);D1(4);C3(4);B2(3);B2(4)"
     85, 2026-09-20T21:54:22.974779,     4, Classic        , Classic        ,    61, White ,        411, "D4(1);A1(1);D1(1);A4(1);A2(1);D2(1);A2(2);A2(3);A1(2);A4(2);A4(3);A4(4);D1(2);D4(2);A2(4);D1(3);D1(4);C3(1);D2(2);D2(3);D2(4);A3(1);D4(3);D4(4);A3(2);D3(1);B3(1);D3(2);D3(3);C4(1);B3(2);B3(3);B2(1);B2(2);B2(3);B4(1);B4(2);C3(2);C3(3);A1(3);C1(1);C1(2);B1(1);B4(3);B1(2);B1(3);C1(3);C1(4);B4(4);B2(4);C4(2);C3(4);A1(4);B3(4);D3(4);C2(1);C4(3);C4(4);B1(4);C2(2);C2(3)"
     86, 2026-09-20T21:54:23.351194,     4, Classic        , Classic        ,    62, Black ,        376, "D4(1);D1(1);A4(1);A1(1);B1(1);B4(1);B1(2);B1(3);A1(2);D1(2);D1(3);D1(4);A4(2);D4(2);B1(4);A4(3);A4(4);C3(1);B4(2);B4(3);B4(4);C1(1);D4(3);D4(4);C1(2);C4(1);C2(1);C4(2);C4(3);D3(1);C2(2);C2(3);B2(1);B2(2);B2(3);D2(1);D2(2);A1(3);A1(4);C3(2);C3(3);A3(1);B3(1);A3(2);A3(3);A3(4);D3(2);D3(3);D3(4);A2(1);B2(4);C2(4);C3(4);C4(4);A2(2);B3(2);B3(3);B3(4);D2(3);C1(3);D2(4);C1(4)"
     87, 2026-09-20T21:54:23.744248,     4, Classic        , Classic        ,    61, White ,        392, "A4(1);D1(1);D4(1);A1(1);C1(1);C4(1);C1(2);C1(3);D1(2);A1(2);A1(3);A1(4);D4(2);A4(2);C1(4);D4(3);D4(4);B3(1);C4(2);C4(3);C4(4);B1(1);A4(3);A4(4);B1(2);B4(1);B2(1);B4(2);B4(3);A3(1);B2(2);B2(3);C2(1);C2(2);C2(3);A2(1);A2(2);B3(2);B3(3);D1(3);D3(1);D3(2);D2(1);A2(3);D2(2);D2(3);D3(3);D3(4);A2(4);C2(4);A3(2);B3(4);D1(4);B4(4);B2(4);C3(1);A3(3);A3(4);D2(4);C3(2);C3(3)"
     88, 2026-09-20T21:54:24.085109,     4, Classic        , Classic        ,    64, Draw  ,        340, "A4(1);D4(1);A1(1);D1(1);D3(1);A3(1);D3(2);D3(3);D4(2);D1(2);D1(3);D1(4);A4(2);A1(2);D3(4);A4(3);A4(4);B2(1);A3(2);A3(3);A3(4);D2(1);A1(3);A1(4);D2(2);A2(1);C2(1);A2(2);A2(3);B1(1);C2(2);C2(3);C3(1);C3(2);C3(3);C1(1);C1(2);D4(3);D4(4);B2(2);B2(3);B4(1);B3(1);B4(2);B4(3);B4(4);B1(2);B1(3);B1(4);C4(1);C3(4);C2(4);B2(4);A2(4);C4(2);B3(2);B3(3);B3(4);C4(3);C4(4);C1(3);D2(3);C1(4);D2(4)"
     89, 2026-09-20T21:54:24.495735,     4, Classic        , Classic        ,    43, White ,        410, "A1(1);D1(1);A4(1);D4(1);D3(1);A3(1);D3(2);D3(3);D4(2);D1(2);D1(3);D1(4);A3(2);A1(2);A3(3);A4(2);D3(4);C1(1);C1(2);C4(1);C3(1);C3(2);C3(3);C1(3);C1(4);C2(1);C2(2);D2(1);A1(3);A1(4);A4(3);D2(2);A4(4);D2(3);D2(4);D4(3);D4(4);A3(4);A2(1);A2(2);B2(1);B2(2);A2(3)"
     90, 2026-09-20T21:54:24.86332 ,     4, Classic        , Classic        ,    64, Draw  ,        367, "A1(1);D4(1);A4(1);D1(1);D2(1);A2(1);D2(2);D2(3);D1(2);D4(2);D4(3);D4(4);A1(2);A4(2);D2(4);A1(3);A1(4);B3(1);A2(2);A2(3);A2(4);D3(1);A4(3);A4(4);D3(2);A3(1);C3(1);A3(2);A3(3);B4(1);C3(2);C3(3);C2(1);C2(2);C2(3);C4(1);C4(2);B3(2);B3(3);D1(3);B1(1);B1(2);C1(1);C4(3);C1(2);C1(3);B1(3);B1(4);B4(2);C4(4);C2(4);B3(4);B2(1);C3(4);A3(4);D3(3);D3(4);B4(3);B4(4);B2(2);B2(3);B2(4);D1(4);C1(4)"
     91, 2026-09-20T21:54:25.243176,     4, Classic        , Classic        ,    53, White ,        379, "D1(1);A1(1);D4(1);A4(1);A3(1);D3(1);A3(2);A3(3);A4(2);A1(2);A1(3);A1(4);D3(2);D1(2);D3(3);D4(2);A3(4);B1(1);B1(2);B4(1);B3(1);B3(2);B3(3);B1(3);B1(4);B2(1);B2(2);A2(1);D1(3);D1(4);D4(3);A2(2);D4(4);A2(3);A2(4);A4(3);A4(4);B2(3);D2(1);B3(4);B4(2);C1(1);D3(4);C3(1);C1(2);B4(3);B4(4);C4(1);C2(1);C2(2);C2(3);D2(2);D2(3)"
     92, 2026-09-20T21:54:25.640404,     4, Classic        , Classic        ,    62, Black ,        397, "A4(1);D1(1);D4(1);A1(1);C1(1);C4(1);C1(2);C1(3);D1(2);A1(2);A1(3);A1(4);D4(2);A4(2);C1(4);D4(3);D4(4);B3(1);C4(2);C4(3);C4(4);B1(1);A4(3);A4(4);B1(2);B4(1);B2(1);B4(2);B4(3);A3(1);B2(2);B2(3);C2(1);C2(2);C2(3);A2(1);A2(2);B3(2);B3(3);D1(3);D3(1);D3(2);D2(1);A2(3);D2(2);D2(3);D3(3);D3(4);A3(2);A2(4);C2(4);B3(4);C3(1);B4(4);B2(4);D1(4);D2(4);A3(3);A3(4);C3(2);B1(3);C3(3)"
     93, 2026-09-20T21:54:26.05556 ,     4, Classic        , Classic        ,    64, Draw  ,        414, "D1(1);A1(1);D4(1);A4(1);A2(1);D2(1);A2(2);A2(3);A1(2);A4(2);A4(3);A4(4);D1(2);D4(2);A2(4);D1(3);D1(4);C3(1);D2(2);D2(3);D2(4);A3(1);D4(3);D4(4);A3(2);D3(1);B3(1);D3(2);D3(3);C4(1);B3(2);B3(3);B2(1);B2(2);B2(3);B4(1);B4(2);A1(3);A1(4);C3(2);C3(3);C1(1);C2(1);C1(2);C1(3);C1(4);C4(2);C4(3);C4(4);B1(1);B2(4);B3(4);D3(4);C3(4);B1(2);C2(2);C2(3);C2(4);B1(3);B1(4);B4(3);A3(3);A3(4);B4(4)"
     94, 2026-09-20T21:54:26.449351,     4, Classic        , Classic        ,    61, White ,        393, "A4(1);D1(1);D4(1);A1(1);B1(1);B4(1);B1(2);B1(3);A1(2);D1(2);D1(3);D1(4);A4(2);D4(2);B1(4);A4(3);A4(4);C3(1);B4(2);B4(3);B4(4);C1(1);D4(3);D4(4);C1(2);C4(1);C2(1);C4(2);C4(3);D3(1);C2(2);C2(3);B2(1);B2(2);B2(3);D2(1);D2(2);C3(2);C3(3);A1(3);A3(1);A3(2);A2(1);D2(3);A2(2);A2(3);A3(3);A3(4);D2(4);B2(4);D3(2);C3(4);A1(4);C4(4);C2(4);B3(1);D3(3);D3(4);A2(4);B3(2);B3(3)"
     95, 2026-09-20T21:54:26.88594 ,     4, Classic        , Classic        ,    61, White ,        436, "D1(1);A1(1);D4(1);A4(1);A3(1);D3(1);A3(2);A3(3);A4(2);A1(2);A1(3);A1(4);D4(2);D1(2);A3(4);D4(3);D4(4);C2(1);D3(2);D3(3);D3(4);A2(1);D1(3);D1(4);A2(2);D2(1);B2(1);D2(2);D2(3);C1(1);B2(2);B2(3);B3(1);B3(2);B3(3);B1(1);B1(2);C2(2);C2(3);A4(3);C4(1);C4(2);B4(1);B1(3);B4(2);B4(3);C4(3);C4(4);B1(4);B3(4);C1(2);C2(4);A4(4);B2(4);D2(4);C3(1);C1(3);C1(4);B4(4);C3(2);C3(3)"
     96, 2026-09-20T21:54:27.322683,     4, Classic        , Classic        ,    59, White ,        436, "A1(1);D1(1);A4(1);D4(1);D3(1);A3(1);D3(2);D3(3);D4(2);D1(2);D1(3);D1(4);A3(2);A1(2);A3(3);A4(2);D3(4);C1(1);C1(2);C4(1);C3(1);C3(2);C3(3);C1(3);C1(4);C2(1);C2(2);D2(1);A1(3);A1(4);A4(3);A4(4);A2(1);D2(2);A3(4);C4(2);C2(3);C2(4);C4(3);D2(3);D2(4);C3(4);C4(4);B1(1);B3(1);B1(2);B1(3);B1(4);B4(1);B4(2);B4(3);D4(3);D4(4);B4(4);B3(2);B2(1);A2(2);B3(3);A2(3)"
     97, 2026-09-20T21:54:27.797232,     4, Classic        , Classic        ,    58, Black ,        474, "A1(1);D1(1);A4(1);D4(1);D3(1);A3(1);D3(2);D3(3);D4(2);D1(2);D1(3);D1(4);A3(2);A1(2);A3(3);A4(2);D3(4);B1(1);B1(2);B2(1);B4(1);B2(2);B2(3);D2(1);D2(2);A2(1);C2(1);C2(2);C3(1);C2(3);C3(2);C3(3);A4(3);A4(4);A2(2);A2(3);C1(1);C4(1);A3(4);C2(4);C3(4);B2(4);B4(2);B4(3);C4(2);C4(3);A2(4);B4(4);C4(4);A1(3);A1(4);D4(3);D4(4);C1(2);C1(3);C1(4);D2(3);D2(4)"
     98, 2026-09-20T21:54:28.166199,     4, Classic        , Classic        ,    64, Draw  ,        368, "A1(1);A4(1);D1(1);D4(1);B4(1);B1(1);B4(2);B4(3);A4(2);D4(2);D4(3);D4(4);A1(2);D1(2);B4(4);A1(3);A1(4);C2(1);B1(2);B1(3);B1(4);C4(1);D1(3);D1(4);C4(2);C1(1);C3(1);C1(2);C1(3);D2(1);C3(2);C3(3);B3(1);B3(2);B3(3);D3(1);D3(2);C2(2);C2(3);A4(3);A2(1);A2(2);A3(1);D3(3);A3(2);A3(3);A2(3);A2(4);D2(2);D3(4);B3(4);C2(4);B2(1);C3(4);C1(4);C4(3);C4(4);D2(3);D2(4);B2(2);B2(3);B2(4);A3(4);A4(4)"
     99, 2026-09-20T21:54:28.575006,     4, Classic        , Classic        ,    61, White ,        408, "A4(1);A1(1);D4(1);D1(1);B1(1);B4(1);B1(2);B1(3);A1(2);D1(2);D1(3);D1(4);A4(2);D4(2);B1(4);A4(3);A4(4);C3(1);B4(2);B4(3);B4(4);C1(1);D4(3);D4(4);C1(2);C4(1);C2(1);C4(2);C4(3);D3(1);C2(2);C2(3);B2(1);B2(2);B2(3);D2(1);D2(2);C3(2);C3(3);A1(3);A3(1);A3(2);A2(1);D2(3);A2(2);A2(3);A3(3);A3(4);D2(4);B2(4);D3(2);C3(4);A1(4);A2(4);C2(4);B3(1);D3(3);D3(4);C4(4);B3(2);B3(3)"
    100, 2026-09-20T21:54:29.039721,     4, Classic        , Classic        ,    61, White ,        464, "D4(1);D1(1);A4(1);A1(1);C1(1);C4(1);C1(2);C1(3);D1(2);A1(2);A1(3);A1(4);C4(2);A4(2);C4(3);D4(2);C1(4);A3(1);A3(2);D3(1);B3(1);D3(2);D3(3);B1(1);B1(2);B3(2);B3(3);A3(3);D3(4);B2(1);B2(2);A2(1);A2(2);B2(3);B4(1);D2(1);C2(1);C2(2);B4(2);B4(3);D1(3);C2(3);C2(4);B2(4);C4(4);B3(4);B4(4);A3(4);D1(4);C3(1);C3(2);B1(3);B1(4);A4(3);A4(4);A2(3);A2(4);D4(3);C3(3);D4(4);C3(4)"
    101, 2026-09-20T21:54:29.403096,     4, Classic        , Classic        ,    64, Draw  ,        363, "A1(1);D1(1);A4(1);D4(1);D3(1);A3(1);D3(2);D3(3);D4(2);D1(2);D1(3);D1(4);A4(2);A1(2);D3(4);A4(3);A4(4);B2(1);A3(2);A3(3);A3(4);D2(1);A1(3);A1(4);D2(2);A2(1);C2(1);A2(2);A2(3);B1(1);C2(2);C2(3);C3(1);C3(2);C3(3);C1(1);C1(2);D4(3);D4(4);B2(2);B2(3);B4(1);B3(1);B4(2);B4(3);B4(4);B1(2);B1(3);B1(4);C4(1);C3(4);C2(4);A2(4);C4(2);C4(3);B3(2);B3(3);B3(4);B2(4);C4(4);C1(3);D2(3);C1(4);D2(4)"
    102, 2026-09-20T21:54:29.828992,     4, Classic        , Classic        ,    64, Draw  ,        425, "A1(1);D4(1);D1(1);A4(1);B4(1);B1(1);B4(2);B4(3);A4(2);D4(2);D4(3);D4(4);A1(2);D1(2);B4(4);A1(3);A1(4);C2(1);B1(2);B1(3);B1(4);C4(1);D1(3);D1(4);C4(2);C1(1);C3(1);C1(2);C1(3);D2(1);C3(2);C3(3);B3(1);B3(2);B3(3);D3(1);D3(2);A4(3);A4(4);C2(2);C2(3);A2(1);B2(1);A2(2);A2(3);A2(4);D2(2);D2(3);D2(4);A3(1);B3(4);C3(4);A3(2);A3(3);A3(4);B2(2);B2(3);B2(4);C2(4);C1(4);C4(3);D3(3);D3(4);C4(4)"
    103, 2026-09-20T21:54:30.219945,     4, Classic        , Classic        ,    64, Draw  ,        390, "A4(1);D1(1);D4(1);A1(1);C1(1);C4(1);C1(2);C1(3);D1(2);A1(2);A1(3);A1(4);D4(2);A4(2);C1(4);D4(3);D4(4);B3(1);C4(2);C4(3);C4(4);B1(1);A4(3);A4(4);B1(2);B4(1);B2(1);B4(2);B4(3);A3(1);B2(2);B2(3);C2(1);C2(2);C2(3);A2(1);A2(2);D1(3);D1(4);B3(2);B3(3);D3(1);C3(1);D3(2);D3(3);D3(4);A3(2);A3(3);A3(4);D2(1);C2(4);B2(4);B3(4);D2(2);B4(4);C3(2);C3(3);C3(4);D2(3);D2(4);B1(3);A2(3);A2(4);B1(4)"
    104, 2026-09-20T21:54:30.550929,     4, Classic        , Classic        ,    64, Draw  ,        330, "D1(1);D4(1);A1(1);A4(1);B4(1);B1(1);B4(2);B4(3);A4(2);D4(2);D4(3);D4(4);A1(2);D1(2);B4(4);A1(3);A1(4);C2(1);B1(2);B1(3);B1(4);C4(1);D1(3);D1(4);C4(2);C1(1);C3(1);C1(2);C1(3);D2(1);C3(2);C3(3);B3(1);B3(2);B3(3);D3(1);D3(2);A4(3);A4(4);C2(2);C2(3);A2(1);B2(1);A2(2);A2(3);A2(4);D2(2);D2(3);D2(4);A3(1);B3(4);C3(4);A3(2);C2(4);C1(4);B2(2);B2(3);B2(4);A3(3);A3(4);C4(3);D3(3);D3(4);C4(4)"
    105, 2026-09-20T21:54:30.949311,     4, Classic        , Classic        ,    64, Draw  ,        398, "D4(1);D1(1);A4(1);A1(1);C1(1);C4(1);C1(2);C1(3);D1(2);A1(2);A1(3);A1(4);D4(2);A4(2);C1(4);D4(3);D4(4);B3(1);C4(2);C4(3);C4(4);B1(1);A4(3);A4(4);B1(2);B4(1);B2(1);B4(2);B4(3);A3(1);B2(2);B2(3);C2(1);C2(2);C2(3);A2(1);A2(2);B3(2);B3(3);D1(3);D3(1);D3(2);D2(1);A2(3);D2(2);D2(3);D3(3);D3(4);A3(2);A2(4);C2(4);B3(4);C3(1);B2(4);B4(4);B1(3);B1(4);A3(3);A3(4);C3(2);C3(3);C3(4);D1(4);D2(4)"
    106, 2026-09-20T21:54:31.340671,     4, Classic        , Classic        ,    59, White ,        391, "D4(1);A1(1);A4(1);D1(1);C1(1);C4(1);C1(2);C1(3);D1(2);A1(2);A1(3);A1(4);C4(2);A4(2);C4(3);D4(2);C1(4);A2(1);A2(2);D2(1);C2(1);C2(2);C2(3);A2(3);A2(4);B2(1);B2(2);B1(1);A4(3);A4(4);D4(3);D4(4);B4(1);B1(2);C4(4);D2(2);B2(3);B2(4);D2(3);B1(3);B1(4);C2(4);D2(4);A3(1);C3(1);A3(2);A3(3);A3(4);D3(1);D3(2);D3(3);D1(3);D1(4);D3(4);C3(2);B3(1);B4(2);B3(2);C3(3)"
    107, 2026-09-20T21:54:31.808719,     4, Classic        , Classic        ,    61, White ,        467, "D4(1);D1(1);A4(1);A1(1);C1(1);C4(1);C1(2);C1(3);D1(2);A1(2);A1(3);A1(4);C4(2);A4(2);C4(3);D4(2);C1(4);A3(1);A3(2);D3(1);B3(1);D3(2);D3(3);B1(1);B1(2);B3(2);B3(3);A3(3);D3(4);B2(1);B2(2);A2(1);A2(2);B2(3);B4(1);D2(1);C2(1);C2(2);B4(2);B4(3);D1(3);C2(3);C2(4);B2(4);C4(4);B3(4);B4(4);A3(4);D1(4);C3(1);C3(2);B1(3);B1(4);A4(3);A4(4);A2(3);A2(4);C3(3);D4(3);D4(4);C3(4)"
    108, 2026-09-20T21:54:32.189136,     4, Classic        , Classic        ,    64, Draw  ,        380, "D4(1);D1(1);A4(1);A1(1);B1(1);B4(1);B1(2);B1(3);A1(2);D1(2);D1(3);D1(4);A4(2);D4(2);B1(4);A4(3);A4(4);C3(1);B4(2);B4(3);B4(4);C1(1);D4(3);D4(4);C1(2);C4(1);C2(1);C4(2);C4(3);D3(1);C2(2);C2(3);B2(1);B2(2);B2(3);D2(1);D2(2);A1(3);A1(4);C3(2);C3(3);A3(1);B3(1);A3(2);A3(3);A3(4);D3(2);D3(3);D3(4);A2(1);B2(4);C2(4);C4(4);C3(4);A2(2);B3(2);B3(3);B3(4);A2(3);A2(4);C1(3);D2(3);D2(4);C1(4)"
    109, 2026-09-20T21:54:32.602351,     4, Classic        , Classic        ,    61, White ,        413, "D4(1);A1(1);A4(1);D1(1);C1(1);C4(1);C1(2);C1(3);D1(2);A1(2);A1(3);A1(4);D4(2);A4(2);C1(4);D4(3);D4(4);B3(1);C4(2);C4(3);C4(4);B1(1);A4(3);A4(4);B1(2);B4(1);B2(1);B4(2);B4(3);A3(1);B2(2);B2(3);C2(1);C2(2);C2(3);A2(1);A2(2);B3(2);B3(3);D1(3);D3(1);D3(2);D2(1);A2(3);D2(2);D2(3);D3(3);D3(4);A2(4);C2(4);A3(2);B3(4);D1(4);D2(4);B2(4);C3(1);A3(3);A3(4);B4(4);C3(2);C3(3)"
    110, 2026-09-20T21:54:32.988375,     4, Classic        , Classic        ,    47, White ,        385, "D1(1);A4(1);A1(1);D4(1);C4(1);C1(1);C4(2);C4(3);D4(2);A4(2);A4(3);A4(4);C1(2);A1(2);C1(3);D1(2);C4(4);A3(1);A3(2);D3(1);C3(1);C3(2);C3(3);A3(3);A3(4);B3(1);B3(2);B4(1);A1(3);A1(4);D1(3);B4(2);D1(4);D4(3);D4(4);B4(3);B4(4);D3(2);B1(1);D2(1);B2(1);B2(2);B2(3);D2(2);C3(4);B1(2);B1(3)"
    111, 2026-09-20T21:54:33.415305,     4, Classic        , Classic        ,    61, White ,        426, "D1(1);A1(1);D4(1);A4(1);A3(1);D3(1);A3(2);A3(3);A4(2);A1(2);A1(3);A1(4);D4(2);D1(2);A3(4);D4(3);D4(4);C2(1);D3(2);D3(3);D3(4);A2(1);D1(3);D1(4);A2(2);D2(1);B2(1);D2(2);D2(3);C1(1);B2(2);B2(3);B3(1);B3(2);B3(3);B1(1);B1(2);C2(2);C2(3);A4(3);C4(1);C4(2);B4(1);B1(3);B4(2);B4(3);C4(3);C4(4);B1(4);B3(4);C1(2);C2(4);A4(4);D2(4);B2(4);C3(1);C1(3);C1(4);B4(4);C3(2);C3(3)"
    112, 2026-09-20T21:54:33.771934,     4, Classic        , Classic        ,    61, White ,        356, "A1(1);D1(1);A4(1);D4(1);D2(1);A2(1);D2(2);D2(3);D1(2);D4(2);D4(3);D4(4);A1(2);A4(2);D2(4);A1(3);A1(4);B3(1);A2(2);A2(3);A2(4);D3(1);A4(3);A4(4);D3(2);A3(1);C3(1);A3(2);A3(3);B4(1);C3(2);C3(3);C2(1);C2(2);C2(3);C4(1);C4(2);B3(2);B3(3);D1(3);B1(1);B1(2);C1(1);C4(3);C1(2);C1(3);B1(3);B1(4);C4(4);C2(4);B4(2);B3(4);D1(4);C1(4);A3(4);B2(1);B4(3);B4(4);C3(4);B2(2);B2(3)"
    113, 2026-09-20T21:54:34.185554,     4, Classic        , Classic        ,    59, White ,        413, "A1(1);D1(1);A4(1);D4(1);D2(1);A2(1);D2(2);D2(3);D1(2);D4(2);D4(3);D4(4);A2(2);A4(2);A2(3);A1(2);D2(4);C4(1);C4(2);C1(1);C2(1);C2(2);C2(3);C4(3);C4(4);C3(1);C3(2);D3(1);A4(3);A4(4);A1(3);A1(4);A3(1);D3(2);A2(4);C1(2);C3(3);C3(4);C1(3);D1(3);D1(4);C2(4);D3(3);D3(4);B3(1);B3(2);B3(3);B3(4);B4(1);B2(1);B2(2);B2(3);B2(4);B4(2);C1(4);B4(3);B1(1);B1(2);B4(4)"
    114, 2026-09-20T21:54:34.603266,     4, Classic        , Classic        ,    62, Black ,        417, "D4(1);A1(1);A4(1);D1(1);C1(1);C4(1);C1(2);C1(3);D1(2);A1(2);A1(3);A1(4);D4(2);A4(2);C1(4);D4(3);D4(4);B3(1);C4(2);C4(3);C4(4);B1(1);A4(3);A4(4);B1(2);B4(1);B2(1);B4(2);B4(3);A3(1);B2(2);B2(3);C2(1);C2(2);C2(3);A2(1);A2(2);B3(2);B3(3);D1(3);D3(1);D3(2);D2(1);A2(3);D2(2);D2(3);D3(3);D3(4);A3(2);A2(4);C2(4);B3(4);C3(1);D2(4);D1(4);B2(4);B4(4);A3(3);A3(4);C3(2);B1(3);C3(3)"
    115, 2026-09-20T21:54:35.003438,     4, Classic        , Classic        ,    49, White ,        399, "D1(1);A4(1);A1(1);D4(1);B4(1);B1(1);B4(2);B4(3);A4(2);D4(2);D4(3);D4(4);B1(2);D1(2);B1(3);A1(2);B4(4);D3(1);D3(2);A3(1);B3(1);B3(2);B3(3);D3(3);D3(4);C3(1);C3(2);C4(1);D1(3);D1(4);A1(3);C4(2);A1(4);C4(3);C4(4);A4(3);A4(4);A2(1);C1(1);D2(1);D2(2);A2(2);B2(1);A2(3);A2(4);C1(2);C2(1);C1(3);C2(2)"
    116, 2026-09-20T21:54:35.406235,     4, Classic        , Classic        ,    59, White ,        402, "A4(1);A1(1);D4(1);D1(1);C1(1);C4(1);C1(2);C1(3);D1(2);A1(2);A1(3);A1(4);C4(2);A4(2);C4(3);D4(2);C1(4);A2(1);A2(2);D2(1);C2(1);C2(2);C2(3);A2(3);A2(4);B2(1);B2(2);B1(1);A4(3);A4(4);D4(3);D4(4);B4(1);B1(2);C4(4);D2(2);B2(3);B2(4);D2(3);B1(3);B1(4);C2(4);D2(4);A3(1);C3(1);A3(2);A3(3);A3(4);D3(1);D3(2);D3(3);D1(3);D1(4);D3(4);C3(2);C3(3);C3(4);B4(2);B4(3)"
    117, 2026-09-20T21:54:35.776561,     4, Classic        , Classic        ,    62, Black ,        370, "A1(1);D1(1);A4(1);D4(1);D3(1);A3(1);D3(2);D3(3);D4(2);D1(2);D1(3);D1(4);A4(2);A1(2);D3(4);A4(3);A4(4);B2(1);A3(2);A3(3);A3(4);D2(1);A1(3);A1(4);D2(2);A2(1);C2(1);A2(2);A2(3);B1(1);C2(2);C2(3);C3(1);C3(2);C3(3);C1(1);C1(2);D4(3);D4(4);B2(2);B2(3);B4(1);B3(1);B4(2);B4(3);B4(4);B1(2);B1(3);B1(4);C4(1);C3(4);C2(4);C4(2);B2(4);A2(4);B3(2);B3(3);B3(4);C1(3);D2(3);C1(4);D2(4)"
    118, 2026-09-20T21:54:36.206029,     4, Classic        , Classic        ,    61, White ,        429, "D4(1);A4(1);D1(1);A1(1);A3(1);D3(1);A3(2);A3(3);A4(2);A1(2);A1(3);A1(4);D4(2);D1(2);A3(4);D4(3);D4(4);C2(1);D3(2);D3(3);D3(4);A2(1);D1(3);D1(4);A2(2);D2(1);B2(1);D2(2);D2(3);C1(1);B2(2);B2(3);B3(1);B3(2);B3(3);B1(1);B1(2);C2(2);C2(3);A4(3);C4(1);C4(2);B4(1);B1(3);B4(2);B4(3);C4(3);C4(4);B1(4);B3(4);C1(2);C2(4);A4(4);D2(4);B2(4);C3(1);C1(3);C1(4);B4(4);C3(2);C3(3)"
    119, 2026-09-20T21:54:36.555092,     4, Classic        , Classic        ,    62, Black ,        348, "D1(1);A4(1);A1(1);D4(1);B4(1);B1(1);B4(2);B4(3);A4(2);D4(2);D4(3);D4(4);A1(2);D1(2);B4(4);A1(3);A1(4);C2(1);B1(2);B1(3);B1(4);C4(1);D1(3);D1(4);C4(2);C1(1);C3(1);C1(2);C1(3);D2(1);C3(2);C3(3);B3(1);B3(2);B3(3);D3(1);D3(2);A4(3);A4(4);C2(2);C2(3);A2(1);B2(1);A2(2);A2(3);A2(4);D2(2);D2(3);D2(4);A3(1);B3(4);C3(4);C1(4);A3(2);A3(3);B2(2);B2(3);B2(4);D3(3);C4(3);D3(4);C4(4)"
    120, 2026-09-20T21:54:36.920361,     4, Classic        , Classic        ,    61, White ,        365, "A4(1);D4(1);A1(1);D1(1);D3(1);A3(1);D3(2);D3(3);D4(2);D1(2);D1(3);D1(4);A4(2);A1(2);D3(4);A4(3);A4(4);B2(1);A3(2);A3(3);A3(4);D2(1);A1(3);A1(4);D2(2);A2(1);C2(1);A2(2);A2(3);B1(1);C2(2);C2(3);C3(1);C3(2);C3(3);C1(1);C1(2);B2(2);B2(3);D4(3);B4(1);B4(2);C4(1);C1(3);C4(2);C4(3);B4(3);B4(4);C1(4);C3(4);B1(2);B2(4);D4(4);C4(4);A2(4);B3(1);B1(3);B1(4);C2(4);B3(2);B3(3)"
    121, 2026-09-20T21:54:37.346533,     4, Classic        , Classic        ,    64, Draw  ,        425, "D1(1);A1(1);D4(1);A4(1);A3(1);D3(1);A3(2);A3(3);A4(2);A1(2);A1(3);A1(4);D4(2);D1(2);A3(4);D4(3);D4(4);C2(1);D3(2);D3(3);D3(4);A2(1);D1(3);D1(4);A2(2);D2(1);B2(1);D2(2);D2(3);C1(1);B2(2);B2(3);B3(1);B3(2);B3(3);B1(1);B1(2);A4(3);A4(4);C2(2);C2(3);C4(1);C3(1);C4(2);C4(3);C4(4);C1(2);C1(3);C1(4);B4(1);B3(4);B2(4);C2(4);D2(4);B4(2);C3(2);C3(3);C3(4);B4(3);B4(4);A2(3);B1(3);B1(4);A2(4)"
    122, 2026-09-20T21:54:37.718131,     4, Classic        , Classic        ,    59, White ,        371, "D4(1);D1(1);A4(1);A1(1);C1(1);C4(1);C1(2);C1(3);D1(2);A1(2);A1(3);A1(4);C4(2);A4(2);C4(3);D4(2);C1(4);A2(1);A2(2);D2(1);C2(1);C2(2);C2(3);A2(3);A2(4);B2(1);B2(2);B1(1);A4(3);A4(4);D4(3);D4(4);B4(1);B1(2);C4(4);D2(2);B2(3);B2(4);D2(3);B1(3);B1(4);C2(4);D2(4);A3(1);C3(1);A3(2);A3(3);A3(4);D3(1);D3(2);D3(3);D1(3);D1(4);D3(4);C3(2);B4(2);B3(1);B3(2);B4(3)"
    123, 2026-09-20T21:54:38.128547,     4, Classic        , Classic        ,    62, Black ,        410, "A4(1);A1(1);D4(1);D1(1);C1(1);C4(1);C1(2);C1(3);D1(2);A1(2);A1(3);A1(4);D4(2);A4(2);C1(4);D4(3);D4(4);B3(1);C4(2);C4(3);C4(4);B1(1);A4(3);A4(4);B1(2);B4(1);B2(1);B4(2);B4(3);A3(1);B2(2);B2(3);C2(1);C2(2);C2(3);A2(1);A2(2);D1(3);D1(4);B3(2);B3(3);D3(1);C3(1);D3(2);D3(3);D3(4);A3(2);A3(3);A3(4);D2(1);C2(4);B2(4);B3(4);B4(4);D2(2);C3(2);C3(3);C3(4);A2(3);B1(3);A2(4);B1(4)"
    124, 2026-09-20T21:54:38.458016,     4, Classic        , Classic        ,    64, Draw  ,        329, "D1(1);D4(1);A1(1);A4(1);B4(1);B1(1);B4(2);B4(3);A4(2);D4(2);D4(3);D4(4);A1(2);D1(2);B4(4);A1(3);A1(4);C2(1);B1(2);B1(3);B1(4);C4(1);D1(3);D1(4);C4(2);C1(1);C3(1);C1(2);C1(3);D2(1);C3(2);C3(3);B3(1);B3(2);B3(3);D3(1);D3(2);A4(3);A4(4);C2(2);C2(3);A2(1);B2(1);A2(2);A2(3);A2(4);D2(2);D2(3);D2(4);A3(1);B3(4);C3(4);C2(4);C1(4);A3(2);B2(2);B2(3);B2(4);A3(3);A3(4);D3(3);C4(3);D3(4);C4(4)"
    125, 2026-09-20T21:54:38.926413,     4, Classic        , Classic        ,    61, White ,        468, "D4(1);D1(1);A4(1);A1(1);C1(1);C4(1);C1(2);C1(3);D1(2);A1(2);A1(3);A1(4);C4(2);A4(2);C4(3);D4(2);C1(4);A3(1);A3(2);D3(1);B3(1);D3(2);D3(3);B1(1);B1(2);B3(2);B3(3);A3(3);D3(4);B2(1);B2(2);A2(1);A2(2);B2(3);B4(1);D2(1);C2(1);C2(2);B4(2);B4(3);D1(3);C2(3);C2(4);B2(4);C4(4);B3(4);B4(4);A3(4);D1(4);C3(1);C3(2);B1(3);B1(4);A4(3);A4(4);A2(3);A2(4);D4(3);C3(3);D4(4);C3(4)"
    126, 2026-09-20T21:54:39.290564,     4, Classic        , Classic        ,    43, White ,        363, "D1(1);D4(1);A1(1);A4(1);B4(1);B1(1);B4(2);B4(3);A4(2);D4(2);D4(3);D4(4);B1(2);D1(2);B1(3);A1(2);B4(4);D3(1);D3(2);A3(1);B3(1);B3(2);B3(3);D3(3);D3(4);C3(1);C3(2);C4(1);D1(3);D1(4);A1(3);C4(2);A1(4);A4(3);A4(4);C4(3);C4(4);C2(1);C1(1);C1(2);A3(2);C1(3);C2(2)"
    127, 2026-09-20T21:54:39.652576,     4, Classic        , Classic        ,    43, White ,        361, "D4(1);A1(1);D1(1);A4(1);A3(1);D3(1);A3(2);A3(3);A4(2);A1(2);A1(3);A1(4);D3(2);D1(2);D3(3);D4(2);A3(4);B1(1);B1(2);B4(1);B3(1);B3(2);B3(3);B1(3);B1(4);B2(1);B2(2);A2(1);D1(3);D1(4);D4(3);A2(2);D4(4);A4(3);A4(4);A2(3);A2(4);D2(1);C2(1);C2(2);C2(3);D2(2);D2(3)"
    128, 2026-09-20T21:54:40.030933,     4, Classic        , Classic        ,    61, White ,        378, "D1(1);D4(1);A1(1);A4(1);C4(1);C1(1);C4(2);C4(3);D4(2);A4(2);A4(3);A4(4);D1(2);A1(2);C4(4);D1(3);D1(4);B2(1);C1(2);C1(3);C1(4);B4(1);A1(3);A1(4);B4(2);B1(1);B3(1);B1(2);B1(3);A2(1);B3(2);B3(3);C3(1);C3(2);C3(3);A3(1);A3(2);B2(2);B2(3);D4(3);D2(1);D2(2);D3(1);A3(3);D3(2);D3(3);D2(3);D2(4);A3(4);C3(4);A2(2);B2(4);D4(4);B1(4);B3(4);C2(1);A2(3);A2(4);D3(4);C2(2);C2(3)"
    129, 2026-09-20T21:54:40.440719,     4, Classic        , Classic        ,    64, Draw  ,        409, "A4(1);A1(1);D4(1);D1(1);C1(1);C4(1);C1(2);C1(3);D1(2);A1(2);A1(3);A1(4);D4(2);A4(2);C1(4);D4(3);D4(4);B3(1);C4(2);C4(3);C4(4);B1(1);A4(3);A4(4);B1(2);B4(1);B2(1);B4(2);B4(3);A3(1);B2(2);B2(3);C2(1);C2(2);C2(3);A2(1);A2(2);D1(3);D1(4);B3(2);B3(3);D3(1);C3(1);D3(2);D3(3);D3(4);A3(2);A3(3);A3(4);D2(1);C2(4);B2(4);B4(4);B3(4);D2(2);C3(2);C3(3);C3(4);D2(3);D2(4);B1(3);A2(3);A2(4);B1(4)"
    130, 2026-09-20T21:54:40.888379,     4, Classic        , Classic        ,    58, Black ,        447, "A4(1);D4(1);A1(1);D1(1);D3(1);A3(1);D3(2);D3(3);D4(2);D1(2);D1(3);D1(4);A3(2);A1(2);A3(3);A4(2);D3(4);B1(1);B1(2);B2(1);B4(1);B2(2);B2(3);D2(1);D2(2);A2(1);C2(1);C2(2);C3(1);C2(3);C3(2);C3(3);A4(3);A4(4);A2(2);A2(3);C1(1);C4(1);A3(4);C2(4);C3(4);B2(4);B4(2);B4(3);C4(2);C4(3);A2(4);B4(4);C4(4);A1(3);A1(4);D4(3);D4(4);C1(2);C1(3);C1(4);B3(1);B3(2)"
    131, 2026-09-20T21:54:41.309111,     4, Classic        , Classic        ,    59, White ,        420, "A1(1);D1(1);A4(1);D4(1);D2(1);A2(1);D2(2);D2(3);D1(2);D4(2);D4(3);D4(4);A2(2);A4(2);A2(3);A1(2);D2(4);C4(1);C4(2);C1(1);C2(1);C2(2);C2(3);C4(3);C4(4);C3(1);C3(2);D3(1);A4(3);A4(4);A1(3);A1(4);A3(1);D3(2);A2(4);C1(2);C3(3);C3(4);C1(3);D3(3);D3(4);C2(4);C1(4);B4(1);B2(1);B4(2);B4(3);B4(4);B1(1);B1(2);B1(3);D1(3);D1(4);B1(4);B2(2);B2(3);B2(4);B3(1);B3(2)"
    132, 2026-09-20T21:54:41.656625,     4, Classic        , Classic        ,    64, Draw  ,        347, "A4(1);D4(1);A1(1);D1(1);D3(1);A3(1);D3(2);D3(3);D4(2);D1(2);D1(3);D1(4);A4(2);A1(2);D3(4);A4(3);A4(4);B2(1);A3(2);A3(3);A3(4);D2(1);A1(3);A1(4);D2(2);A2(1);C2(1);A2(2);A2(3);B1(1);C2(2);C2(3);C3(1);C3(2);C3(3);C1(1);C1(2);D4(3);D4(4);B2(2);B2(3);B4(1);B3(1);B4(2);B4(3);B4(4);B1(2);B1(3);B1(4);C4(1);C3(4);C2(4);C4(2);C4(3);B2(4);B3(2);B3(3);B3(4);A2(4);C4(4);C1(3);D2(3);D2(4);C1(4)"
    133, 2026-09-20T21:54:42.146863,     4, Classic        , Classic        ,    57, White ,        490, "A4(1);A1(1);D4(1);D1(1);B1(1);B4(1);B1(2);B1(3);A1(2);D1(2);D1(3);D1(4);B4(2);D4(2);B4(3);A4(2);B1(4);D3(1);D3(2);C3(1);A3(1);C3(2);C3(3);C1(1);C1(2);C4(1);C2(1);C2(2);B2(1);C2(3);B2(2);B2(3);A4(3);A4(4);C4(2);C4(3);D2(1);A2(1);B4(4);A2(2);A2(3);C2(4);A1(3);A1(4);D3(3);A2(4);B2(4);D3(4);C3(4);D2(2);C4(4);D2(3);D2(4);D4(3);D4(4);A3(2);A3(3)"
    134, 2026-09-20T21:54:42.605036,     4, Classic        , Classic        ,    63, White ,        457, "A4(1);D4(1);A1(1);D1(1);D3(1);A3(1);D3(2);D3(3);D4(2);D1(2);D1(3);D1(4);A3(2);A1(2);A3(3);A4(2);D3(4);B1(1);B1(2);B4(1);B2(1);B4(2);B4(3);D2(1);D2(2);B2(2);B2(3);B1(3);B4(4);C2(1);C2(2);C1(1);C1(2);C2(3);A2(1);C4(1);C3(1);C3(2);A2(2);A2(3);D4(3);C3(3);C3(4);C2(4);A3(4);B2(4);A2(4);B1(4);D4(4);B3(1);B3(2);D2(3);D2(4);A1(3);A1(4);C1(3);C1(4);C4(2);C4(3);A4(3);B3(3);B3(4);A4(4)"
    135, 2026-09-20T21:54:43.013603,     4, Classic        , Classic        ,    62, Black ,        408, "D4(1);A4(1);D1(1);A1(1);A2(1);D2(1);A2(2);A2(3);A1(2);A4(2);A4(3);A4(4);D1(2);D4(2);A2(4);D1(3);D1(4);C3(1);D2(2);D2(3);D2(4);A3(1);D4(3);D4(4);A3(2);D3(1);B3(1);D3(2);D3(3);C4(1);B3(2);B3(3);B2(1);B2(2);B2(3);B4(1);B4(2);A1(3);A1(4);C3(2);C3(3);C1(1);C2(1);C1(2);C1(3);C1(4);C4(2);C4(3);C4(4);B1(1);B2(4);B3(4);B1(2);B1(3);C3(4);C2(2);C2(3);C2(4);B4(3);A3(3);A3(4);B4(4)"
    136, 2026-09-20T21:54:43.432439,     4, Classic        , Classic        ,    59, White ,        418, "D4(1);D1(1);A4(1);A1(1);B1(1);B4(1);B1(2);B1(3);A1(2);D1(2);D1(3);D1(4);B4(2);D4(2);B4(3);A4(2);B1(4);D2(1);D2(2);A2(1);B2(1);B2(2);B2(3);D2(3);D2(4);C2(1);C2(2);C1(1);D4(3);D4(4);A4(3);A4(4);C4(1);C1(2);B4(4);A2(2);C2(3);C2(4);A2(3);C1(3);C1(4);B2(4);A2(4);D3(1);B3(1);D3(2);D3(3);D3(4);A3(1);A3(2);A3(3);A1(3);A1(4);A3(4);B3(2);C4(2);C3(1);B3(3);C4(3)"
    137, 2026-09-20T21:54:43.757932,     4, Classic        , Classic        ,    62, Black ,        325, "A4(1);D1(1);A1(1);D4(1);D2(1);A2(1);D2(2);D2(3);D1(2);D4(2);D4(3);D4(4);A1(2);A4(2);D2(4);A1(3);A1(4);B3(1);A2(2);A2(3);A2(4);D3(1);A4(3);A4(4);D3(2);A3(1);C3(1);A3(2);A3(3);B4(1);C3(2);C3(3);C2(1);C2(2);C2(3);C4(1);C4(2);D1(3);D1(4);B3(2);B3(3);B1(1);B2(1);B1(2);B1(3);B1(4);B4(2);B4(3);B4(4);C1(1);C2(4);C3(4);C1(2);A3(4);B3(4);B2(2);B2(3);B2(4);D3(3);C4(3);C4(4);D3(4)"
    138, 2026-09-20T21:54:44.152102,     4, Classic        , Classic        ,    59, White ,        393, "D4(1);A4(1);D1(1);A1(1);A2(1);D2(1);A2(2);A2(3);A1(2);A4(2);A4(3);A4(4);D2(2);D4(2);D2(3);D1(2);A2(4);B4(1);B4(2);B1(1);B2(1);B2(2);B2(3);B4(3);B4(4);B3(1);B3(2);A3(1);D4(3);D4(4);D1(3);D1(4);D3(1);A3(2);D2(4);B1(2);B3(3);B3(4);B1(3);A3(3);A3(4);B2(4);B1(4);C4(1);C2(1);C4(2);C4(3);C4(4);C1(1);C1(2);C1(3);A1(3);A1(4);C1(4);C2(2);C2(3);C2(4);C3(1);C3(2)"
    139, 2026-09-20T21:54:44.53244 ,     4, Classic        , Classic        ,    59, White ,        380, "D1(1);D4(1);A1(1);A4(1);C4(1);C1(1);C4(2);C4(3);D4(2);A4(2);A4(3);A4(4);C1(2);A1(2);C1(3);D1(2);C4(4);A3(1);A3(2);D3(1);C3(1);C3(2);C3(3);A3(3);A3(4);B3(1);B3(2);B4(1);A1(3);A1(4);D1(3);D1(4);B1(1);B4(2);C1(4);D3(2);B3(3);B3(4);D3(3);B4(3);B4(4);C3(4);D3(4);A2(1);C2(1);A2(2);A2(3);A2(4);D2(1);D2(2);D2(3);D4(3);D4(4);D2(4);C2(2);B1(2);B2(1);C2(3);B2(2)"
    140, 2026-09-20T21:54:45.018091,     4, Classic        , Classic        ,    63, White ,        485, "D4(1);A4(1);D1(1);A1(1);A2(1);D2(1);A2(2);A2(3);A1(2);A4(2);A4(3);A4(4);D2(2);D4(2);D2(3);D1(2);A2(4);C4(1);C4(2);C1(1);C3(1);C1(2);C1(3);A3(1);A3(2);C3(2);C3(3);C4(3);C1(4);B3(1);B3(2);B4(1);B4(2);B3(3);D3(1);B1(1);B2(1);B2(2);D3(2);D3(3);A1(3);B2(3);B2(4);B3(4);D2(4);C3(4);D3(4);C4(4);A1(4);C2(1);C2(2);A3(3);A3(4);D4(3);D4(4);B4(3);B4(4);B1(2);B1(3);D1(3);C2(3);D1(4);C2(4)"
    141, 2026-09-20T21:54:45.386355,     4, Classic        , Classic        ,    62, Black ,        367, "D1(1);A4(1);A1(1);D4(1);B4(1);B1(1);B4(2);B4(3);A4(2);D4(2);D4(3);D4(4);A1(2);D1(2);B4(4);A1(3);A1(4);C2(1);B1(2);B1(3);B1(4);C4(1);D1(3);D1(4);C4(2);C1(1);C3(1);C1(2);C1(3);D2(1);C3(2);C3(3);B3(1);B3(2);B3(3);D3(1);D3(2);C2(2);C2(3);A4(3);A2(1);A2(2);A3(1);D3(3);A3(2);A3(3);A2(3);A2(4);D2(2);D3(4);B3(4);C2(4);B2(1);A4(4);C1(4);A3(4);C3(4);D2(3);D2(4);B2(2);C4(3);B2(3)"
    142, 2026-09-20T21:54:45.732625,     4, Classic        , Classic        ,    64, Draw  ,        346, "A1(1);D4(1);A4(1);D1(1);D2(1);A2(1);D2(2);D2(3);D1(2);D4(2);D4(3);D4(4);A1(2);A4(2);D2(4);A1(3);A1(4);B3(1);A2(2);A2(3);A2(4);D3(1);A4(3);A4(4);D3(2);A3(1);C3(1);A3(2);A3(3);B4(1);C3(2);C3(3);C2(1);C2(2);C2(3);C4(1);C4(2);D1(3);D1(4);B3(2);B3(3);B1(1);B2(1);B1(2);B1(3);B1(4);B4(2);B4(3);B4(4);C1(1);C2(4);C3(4);A3(4);B3(4);C1(2);B2(2);B2(3);B2(4);C1(3);C1(4);D3(3);C4(3);C4(4);D3(4)"
    143, 2026-09-20T21:54:46.2247  ,     4, Classic        , Classic        ,    57, White ,        491, "A4(1);A1(1);D4(1);D1(1);B1(1);B4(1);B1(2);B1(3);A1(2);D1(2);D1(3);D1(4);B4(2);D4(2);B4(3);A4(2);B1(4);D3(1);D3(2);C3(1);A3(1);C3(2);C3(3);C1(1);C1(2);C4(1);C2(1);C2(2);B2(1);C2(3);B2(2);B2(3);A4(3);A4(4);C4(2);C4(3);D2(1);A2(1);B4(4);A2(2);A2(3);C2(4);A1(3);A1(4);B2(4);A2(4);D3(3);C1(3);C1(4);D3(4);D4(3);D4(4);D2(2);D2(3);D2(4);A3(2);A3(3)"
    144, 2026-09-20T21:54:46.659363,     4, Classic        , Classic        ,    59, White ,        434, "A1(1);A4(1);D1(1);D4(1);C4(1);C1(1);C4(2);C4(3);D4(2);A4(2);A4(3);A4(4);C1(2);A1(2);C1(3);D1(2);C4(4);A3(1);A3(2);D3(1);C3(1);C3(2);C3(3);A3(3);A3(4);B3(1);B3(2);B4(1);A1(3);A1(4);D1(3);D1(4);B1(1);B4(2);C1(4);D3(2);B3(3);B3(4);D3(3);B4(3);B4(4);C3(4);D3(4);A2(1);C2(1);A2(2);A2(3);A2(4);D2(1);D2(2);D2(3);D4(3);D4(4);D2(4);C2(2);B2(1);B1(2);C2(3);B2(2)"
    145, 2026-09-20T21:54:47.01998 ,     4, Classic        , Classic        ,    49, White ,        360, "A4(1);D4(1);A1(1);D1(1);D2(1);A2(1);D2(2);D2(3);D1(2);D4(2);D4(3);D4(4);A2(2);A4(2);A2(3);A1(2);D2(4);B4(1);B4(2);B1(1);B3(1);B1(2);B1(3);D3(1);D3(2);B1(4);B3(2);B3(3);A2(4);B3(4);C1(1);C4(1);C4(2);B4(3);B4(4);C4(3);C4(4);D3(3);D3(4);A4(3);A4(4);D1(3);D1(4);B2(1);B2(2);C2(1);A3(1);C2(2);C2(3)"
    146, 2026-09-20T21:54:47.437197,     4, Classic        , Classic        ,    45, White ,        417, "A1(1);D1(1);A4(1);D4(1);D3(1);A3(1);D3(2);D3(3);D4(2);D1(2);D1(3);D1(4);A3(2);A1(2);A3(3);A4(2);D3(4);C1(1);C1(2);C4(1);C3(1);C3(2);C3(3);C1(3);C1(4);C2(1);C2(2);D2(1);A1(3);A1(4);A4(3);D2(2);A4(4);D2(3);D2(4);D4(3);D4(4);B3(1);A2(1);B2(1);B4(1);B2(2);B2(3);A2(2);A2(3)"
    147, 2026-09-20T21:54:47.845393,     4, Classic        , Classic        ,    51, White ,        408, "A4(1);D1(1);A1(1);D4(1);D3(1);A3(1);D3(2);D3(3);D4(2);D1(2);D1(3);D1(4);A3(2);A1(2);A3(3);A4(2);D3(4);C1(1);C1(2);C4(1);C3(1);C3(2);C3(3);C1(3);C1(4);C2(1);C2(2);D2(1);A1(3);A1(4);A4(3);D2(2);A4(4);D2(3);D2(4);D4(3);D4(4);C3(4);A2(1);B1(1);C4(2);B2(1);B1(2);B3(1);B4(1);B2(2);B2(3);B4(2);A3(4);A2(2);A2(3)"
    148, 2026-09-20T21:54:48.262707,     4, Classic        , Classic        ,    59, White ,        417, "A1(1);A4(1);D1(1);D4(1);C4(1);C1(1);C4(2);C4(3);D4(2);A4(2);A4(3);A4(4);C1(2);A1(2);C1(3);D1(2);C4(4);A2(1);A2(2);D2(1);B2(1);D2(2);D2(3);B4(1);B4(2);D2(4);B2(2);B2(3);C1(4);B2(4);D3(1);A3(1);A3(2);A2(3);A2(4);A3(3);A3(4);B4(3);B4(4);A1(3);A1(4);B1(1);B1(2);B1(3);B1(4);D3(2);D4(3);D3(3);D4(4);C2(1);C2(2);C3(1);C2(3);D3(4);C2(4);C3(2);D1(3);C3(3);D1(4)"
    149, 2026-09-20T21:54:48.643339,     4, Classic        , Classic        ,    59, White ,        380, "A4(1);D1(1);A1(1);D4(1);D2(1);A2(1);D2(2);D2(3);D1(2);D4(2);D4(3);D4(4);A2(2);A4(2);A2(3);A1(2);D2(4);B4(1);B4(2);B1(1);B3(1);B1(2);B1(3);D3(1);D3(2);B1(4);B3(2);B3(3);A2(4);B3(4);C1(1);C4(1);C4(2);B4(3);B4(4);C4(3);C4(4);D3(3);D3(4);A4(3);A4(4);A3(1);A3(2);A3(3);A3(4);C1(2);D1(3);C1(3);D1(4);B2(1);B2(2);C2(1);A1(3);B2(3);B2(4);C2(2);C3(1);C2(3);C3(2)"
    150, 2026-09-20T21:54:49.013685,     4, Classic        , Classic        ,    64, Draw  ,        370, "D1(1);A4(1);A1(1);D4(1);B4(1);B1(1);B4(2);B4(3);A4(2);D4(2);D4(3);D4(4);A1(2);D1(2);B4(4);A1(3);A1(4);C2(1);B1(2);B1(3);B1(4);C4(1);D1(3);D1(4);C4(2);C1(1);C3(1);C1(2);C1(3);D2(1);C3(2);C3(3);B3(1);B3(2);B3(3);D3(1);D3(2);C2(2);C2(3);A4(3);A2(1);A2(2);A3(1);D3(3);A3(2);A3(3);A2(3);A2(4);D2(2);D3(4);B3(4);C2(4);B2(1);A4(4);A3(4);C4(3);C4(4);D2(3);D2(4);B2(2);B2(3);B2(4);C3(4);C1(4)"
    151, 2026-09-20T21:54:49.418693,     4, Classic        , Classic        ,    59, White ,        404, "D1(1);A1(1);D4(1);A4(1);A2(1);D2(1);A2(2);A2(3);A1(2);A4(2);A4(3);A4(4);D2(2);D4(2);D2(3);D1(2);A2(4);B4(1);B4(2);B1(1);B2(1);B2(2);B2(3);B4(3);B4(4);B3(1);B3(2);A3(1);D4(3);D4(4);D1(3);D1(4);D3(1);A3(2);D2(4);B1(2);B3(3);B3(4);B1(3);A3(3);A3(4);B2(4);B1(4);C4(1);C2(1);C4(2);C4(3);C4(4);C1(1);C1(2);C1(3);A1(3);A1(4);C1(4);C2(2);C2(3);C2(4);D3(2);D3(3)"
    152, 2026-09-20T21:54:49.793113,     4, Classic        , Classic        ,    49, White ,        374, "D4(1);D1(1);A4(1);A1(1);C1(1);C4(1);C1(2);C1(3);D1(2);A1(2);A1(3);A1(4);C4(2);A4(2);C4(3);D4(2);C1(4);A2(1);A2(2);D2(1);C2(1);C2(2);C2(3);A2(3);A2(4);B2(1);B2(2);B1(1);A4(3);A4(4);D4(3);B1(2);D4(4);B1(3);B1(4);D1(3);D1(4);B4(1);B3(1);D3(1);D2(2);B3(2);B3(3);B3(4);C2(4);D2(3);A3(1);B4(2);B4(3)"
    153, 2026-09-20T21:54:50.127511,     4, Classic        , Classic        ,    62, Black ,        334, "D1(1);D4(1);A1(1);A4(1);B4(1);B1(1);B4(2);B4(3);A4(2);D4(2);D4(3);D4(4);A1(2);D1(2);B4(4);A1(3);A1(4);C2(1);B1(2);B1(3);B1(4);C4(1);D1(3);D1(4);C4(2);C1(1);C3(1);C1(2);C1(3);D2(1);C3(2);C3(3);B3(1);B3(2);B3(3);D3(1);D3(2);A4(3);A4(4);C2(2);C2(3);A2(1);B2(1);A2(2);A2(3);A2(4);D2(2);D2(3);D2(4);A3(1);B3(4);C3(4);C2(4);C1(4);A3(2);B2(2);B2(3);B2(4);D3(3);C4(3);C4(4);D3(4)"
    154, 2026-09-20T21:54:50.602086,     4, Classic        , Classic        ,    52, Black ,        474, "D4(1);A1(1);D1(1);A4(1);A3(1);D3(1);A3(2);A3(3);A4(2);A1(2);A1(3);A1(4);D3(2);D1(2);D3(3);D4(2);A3(4);C1(1);C1(2);C2(1);C4(1);C2(2);D2(1);C2(3);C2(4);C1(3);D2(2);D2(3);D3(4);C3(1);D4(3);D4(4);C3(2);C3(3);B3(1);B3(2);C3(4);C4(2);B1(1);D2(4);D1(3);A4(3);C4(3);C1(4);B3(3);B3(4);B4(1);B2(1);D1(4);B1(2);C4(4);B2(2)"
    155, 2026-09-20T21:54:50.930846,     4, Classic        , Classic        ,    62, Black ,        328, "D1(1);D4(1);A1(1);A4(1);B4(1);B1(1);B4(2);B4(3);A4(2);D4(2);D4(3);D4(4);A1(2);D1(2);B4(4);A1(3);A1(4);C2(1);B1(2);B1(3);B1(4);C4(1);D1(3);D1(4);C4(2);C1(1);C3(1);C1(2);C1(3);D2(1);C3(2);C3(3);B3(1);B3(2);B3(3);D3(1);D3(2);A4(3);A4(4);C2(2);C2(3);A2(1);B2(1);A2(2);A2(3);A2(4);D2(2);D2(3);D2(4);A3(1);B3(4);C3(4);C2(4);A3(2);A3(3);B2(2);B2(3);B2(4);C4(3);D3(3);C4(4);D3(4)"
    156, 2026-09-20T21:54:51.344226,     4, Classic        , Classic        ,    57, White ,        413, "A1(1);A4(1);D1(1);D4(1);B4(1);B1(1);B4(2);B4(3);A4(2);D4(2);D4(3);D4(4);B1(2);D1(2);B1(3);A1(2);B4(4);D3(1);D3(2);A3(1);B3(1);B3(2);B3(3);D3(3);D3(4);C3(1);C3(2);C4(1);D1(3);D1(4);A1(3);A1(4);C1(1);C4(2);B1(4);A3(2);C3(3);C3(4);A3(3);A4(3);A4(4);B3(4);D2(1);B2(1);D2(2);D2(3);C4(3);C4(4);C2(1);C2(2);C2(3);C2(4);D2(4);C1(2);A2(1);A3(4);A2(2)"
    157, 2026-09-20T21:54:51.775072,     4, Classic        , Classic        ,    62, Black ,        430, "D4(1);A4(1);D1(1);A1(1);A3(1);D3(1);A3(2);A3(3);A4(2);A1(2);A1(3);A1(4);D4(2);D1(2);A3(4);D4(3);D4(4);C2(1);D3(2);D3(3);D3(4);A2(1);D1(3);D1(4);A2(2);D2(1);B2(1);D2(2);D2(3);C1(1);B2(2);B2(3);B3(1);B3(2);B3(3);B1(1);B1(2);C2(2);C2(3);A4(3);C4(1);C4(2);B4(1);B1(3);B4(2);B4(3);C4(3);C4(4);C1(2);B1(4);B3(4);C2(4);C3(1);B2(4);D2(4);A4(4);B4(4);C1(3);C1(4);C3(2);A2(3);C3(3)"
    158, 2026-09-20T21:54:52.180872,     4, Classic        , Classic        ,    62, Black ,        405, "D4(1);A1(1);A4(1);D1(1);C1(1);C4(1);C1(2);C1(3);D1(2);A1(2);A1(3);A1(4);D4(2);A4(2);C1(4);D4(3);D4(4);B3(1);C4(2);C4(3);C4(4);B1(1);A4(3);A4(4);B1(2);B4(1);B2(1);B4(2);B4(3);A3(1);B2(2);B2(3);C2(1);C2(2);C2(3);A2(1);A2(2);D1(3);D1(4);B3(2);B3(3);D3(1);C3(1);D3(2);D3(3);D3(4);A3(2);A3(3);A3(4);D2(1);C2(4);B2(4);D2(2);D2(3);B3(4);C3(2);C3(3);C3(4);A2(3);B1(3);A2(4);B1(4)"
    159, 2026-09-20T21:54:52.568174,     4, Classic        , Classic        ,    59, White ,        387, "D1(1);A4(1);A1(1);D4(1);B4(1);B1(1);B4(2);B4(3);A4(2);D4(2);D4(3);D4(4);B1(2);D1(2);B1(3);A1(2);B4(4);D3(1);D3(2);A3(1);B3(1);B3(2);B3(3);D3(3);D3(4);C3(1);C3(2);C4(1);D1(3);D1(4);A1(3);A1(4);C1(1);C4(2);B1(4);A3(2);C3(3);C3(4);A3(3);C4(3);C4(4);B3(4);A3(4);D2(1);B2(1);D2(2);D2(3);D2(4);A2(1);A2(2);A2(3);A4(3);A4(4);A2(4);B2(2);C2(1);C1(2);B2(3);C1(3)"
    160, 2026-09-20T21:54:52.87872 ,     4, Classic        , Classic        ,    62, Black ,        310, "A4(1);D4(1);A1(1);D1(1);D2(1);A2(1);D2(2);D2(3);D1(2);D4(2);D4(3);D4(4);A1(2);A4(2);D2(4);A1(3);A1(4);B3(1);A2(2);A2(3);A2(4);D3(1);A4(3);A4(4);D3(2);A3(1);C3(1);A3(2);A3(3);B4(1);C3(2);C3(3);C2(1);C2(2);C2(3);C4(1);C4(2);D1(3);D1(4);B3(2);B3(3);B1(1);B2(1);B1(2);B1(3);B1(4);B4(2);B4(3);B4(4);C1(1);C2(4);C3(4);B3(4);A3(4);C1(2);B2(2);B2(3);B2(4);D3(3);C4(3);C4(4);D3(4)"
    161, 2026-09-20T21:54:53.249047,     4, Classic        , Classic        ,    49, White ,        370, "A4(1);D4(1);A1(1);D1(1);D3(1);A3(1);D3(2);D3(3);D4(2);D1(2);D1(3);D1(4);A3(2);A1(2);A3(3);A4(2);D3(4);B1(1);B1(2);B4(1);B2(1);B4(2);B4(3);D2(1);D2(2);B4(4);B2(2);B2(3);A3(4);B2(4);C4(1);C1(1);C1(2);B1(3);B1(4);C1(3);C1(4);D2(3);D2(4);A1(3);A1(4);D4(3);D4(4);B3(1);B3(2);B3(3);C3(1);C3(2);C3(3)"
    162, 2026-09-20T21:54:53.696001,     4, Classic        , Classic        ,    53, White ,        446, "A4(1);A1(1);D4(1);D1(1);B1(1);B4(1);B1(2);B1(3);A1(2);D1(2);D1(3);D1(4);B4(2);D4(2);B4(3);A4(2);B1(4);D2(1);D2(2);A2(1);B2(1);B2(2);B2(3);D2(3);D2(4);C2(1);C2(2);C1(1);D4(3);D4(4);A4(3);C1(2);A4(4);C1(3);C1(4);A1(3);A1(4);A2(2);C4(1);C3(1);A2(3);C2(3);B2(4);B4(4);A2(4);C4(2);A3(1);C2(4);B3(1);C4(3);D3(1);C3(2);A3(2)"
    163, 2026-09-20T21:54:54.093105,     4, Classic        , Classic        ,    62, Black ,        396, "D4(1);A1(1);A4(1);D1(1);C1(1);C4(1);C1(2);C1(3);D1(2);A1(2);A1(3);A1(4);D4(2);A4(2);C1(4);D4(3);D4(4);B3(1);C4(2);C4(3);C4(4);B1(1);A4(3);A4(4);B1(2);B4(1);B2(1);B4(2);B4(3);A3(1);B2(2);B2(3);C2(1);C2(2);C2(3);A2(1);A2(2);D1(3);D1(4);B3(2);B3(3);D3(1);C3(1);D3(2);D3(3);D3(4);A3(2);A3(3);A3(4);D2(1);C2(4);B2(4);D2(2);B4(4);B3(4);C3(2);C3(3);C3(4);A2(3);B1(3);A2(4);B1(4)"
    164, 2026-09-20T21:54:54.463886,     4, Classic        , Classic        ,    59, White ,        370, "D4(1);D1(1);A4(1);A1(1);C1(1);C4(1);C1(2);C1(3);D1(2);A1(2);A1(3);A1(4);C4(2);A4(2);C4(3);D4(2);C1(4);A2(1);A2(2);D2(1);C2(1);C2(2);C2(3);A2(3);A2(4);B2(1);B2(2);B1(1);A4(3);A4(4);D4(3);D4(4);B4(1);B1(2);C4(4);D2(2);B2(3);B2(4);D2(3);B1(3);B1(4);C2(4);D2(4);A3(1);C3(1);A3(2);A3(3);A3(4);D3(1);D3(2);D3(3);D1(3);D1(4);D3(4);C3(2);C3(3);C3(4);B4(2);B4(3)"
    165, 2026-09-20T21:54:54.91587 ,     4, Classic        , Classic        ,    57, White ,        451, "D4(1);A4(1);D1(1);A1(1);A2(1);D2(1);A2(2);A2(3);A1(2);A4(2);A4(3);A4(4);D2(2);D4(2);D2(3);D1(2);A2(4);C4(1);C4(2);C1(1);C3(1);C1(2);C1(3);A3(1);A3(2);C1(4);C3(2);C3(3);D2(4);C3(4);B1(1);B4(1);B4(2);C4(3);C4(4);B4(3);B4(4);A3(3);A3(4);D4(3);D4(4);D3(1);D3(2);D3(3);D3(4);B1(2);A1(3);B1(3);A1(4);C2(1);C2(2);B3(1);B2(1);B2(2);B1(4);B3(2);B2(3)"
    166, 2026-09-20T21:54:55.335084,     4, Classic        , Classic        ,    64, Draw  ,        419, "A4(1);A1(1);D4(1);D1(1);B1(1);B4(1);B1(2);B1(3);A1(2);D1(2);D1(3);D1(4);A4(2);D4(2);B1(4);A4(3);A4(4);C3(1);B4(2);B4(3);B4(4);C1(1);D4(3);D4(4);C1(2);C4(1);C2(1);C4(2);C4(3);D3(1);C2(2);C2(3);B2(1);B2(2);B2(3);D2(1);D2(2);C3(2);C3(3);A1(3);A3(1);A3(2);A2(1);D2(3);A2(2);A2(3);A3(3);A3(4);D3(2);D2(4);B2(4);C3(4);B3(1);A1(4);A2(4);C1(3);C1(4);D3(3);D3(4);B3(2);B3(3);B3(4);C2(4);C4(4)"
    167, 2026-09-20T21:54:55.747279,     4, Classic        , Classic        ,    61, White ,        412, "A4(1);A1(1);D4(1);D1(1);B1(1);B4(1);B1(2);B1(3);A1(2);D1(2);D1(3);D1(4);A4(2);D4(2);B1(4);A4(3);A4(4);C3(1);B4(2);B4(3);B4(4);C1(1);D4(3);D4(4);C1(2);C4(1);C2(1);C4(2);C4(3);D3(1);C2(2);C2(3);B2(1);B2(2);B2(3);D2(1);D2(2);C3(2);C3(3);A1(3);A3(1);A3(2);A2(1);D2(3);A2(2);A2(3);A3(3);A3(4);D2(4);B2(4);D3(2);C3(4);A1(4);A2(4);C4(4);B3(1);D3(3);D3(4);C2(4);B3(2);B3(3)"
    168, 2026-09-20T21:54:56.128342,     4, Classic        , Classic        ,    49, White ,        380, "D1(1);A4(1);D4(1);A1(1);A3(1);D3(1);A3(2);A3(3);A4(2);A1(2);A1(3);A1(4);D3(2);D1(2);D3(3);D4(2);A3(4);B1(1);B1(2);B4(1);B3(1);B3(2);B3(3);B1(3);B1(4);B2(1);B2(2);A2(1);D1(3);D1(4);D4(3);A2(2);D4(4);A2(3);A2(4);A4(3);A4(4);C3(1);D2(1);B2(3);B4(2);C4(1);B3(4);C3(2);C1(1);B2(4);D3(4);C3(3);D2(2)"
    169, 2026-09-20T21:54:56.53638 ,     4, Classic        , Classic        ,    57, White ,        407, "A1(1);D4(1);D1(1);A4(1);C4(1);C1(1);C4(2);C4(3);D4(2);A4(2);A4(3);A4(4);C1(2);A1(2);C1(3);D1(2);C4(4);A3(1);A3(2);D3(1);C3(1);C3(2);C3(3);A3(3);A3(4);B3(1);B3(2);B4(1);A1(3);A1(4);D1(3);D1(4);B1(1);B4(2);C1(4);D3(2);B3(3);B3(4);D3(3);D4(3);D4(4);C3(4);A2(1);C2(1);A2(2);A2(3);A2(4);D3(4);B4(3);B4(4);C2(2);C2(3);C2(4);D2(1);B1(2);B2(1);B2(2)"
    170, 2026-09-20T21:54:56.947242,     4, Classic        , Classic        ,    62, Black ,        410, "D1(1);A1(1);D4(1);A4(1);A2(1);D2(1);A2(2);A2(3);A1(2);A4(2);A4(3);A4(4);D1(2);D4(2);A2(4);D1(3);D1(4);C3(1);D2(2);D2(3);D2(4);A3(1);D4(3);D4(4);A3(2);D3(1);B3(1);D3(2);D3(3);C4(1);B3(2);B3(3);B2(1);B2(2);B2(3);B4(1);B4(2);A1(3);A1(4);C3(2);C3(3);C1(1);C2(1);C1(2);C1(3);C1(4);C4(2);C4(3);C4(4);B1(1);B2(4);B3(4);B1(2);C3(4);D3(4);C2(2);C2(3);C2(4);B4(3);A3(3);B4(4);A3(4)"
    171, 2026-09-20T21:54:57.361149,     4, Classic        , Classic        ,    59, White ,        413, "A1(1);A4(1);D1(1);D4(1);C4(1);C1(1);C4(2);C4(3);D4(2);A4(2);A4(3);A4(4);C1(2);A1(2);C1(3);D1(2);C4(4);A2(1);A2(2);D2(1);B2(1);D2(2);D2(3);B4(1);B4(2);D2(4);B2(2);B2(3);C1(4);B2(4);D3(1);A3(1);A3(2);A2(3);A2(4);A3(3);A3(4);B4(3);B4(4);A1(3);A1(4);B1(1);B1(2);B1(3);B1(4);D3(2);D4(3);D3(3);D4(4);C2(1);C2(2);C3(1);B3(1);D1(3);C2(3);C3(2);D3(4);C2(4);B3(2)"
    172, 2026-09-20T21:54:57.694906,     4, Classic        , Classic        ,    62, Black ,        333, "A1(1);D1(1);A4(1);D4(1);D2(1);A2(1);D2(2);D2(3);D1(2);D4(2);D4(3);D4(4);A1(2);A4(2);D2(4);A1(3);A1(4);B3(1);A2(2);A2(3);A2(4);D3(1);A4(3);A4(4);D3(2);A3(1);C3(1);A3(2);A3(3);B4(1);C3(2);C3(3);C2(1);C2(2);C2(3);C4(1);C4(2);D1(3);D1(4);B3(2);B3(3);B1(1);B2(1);B1(2);B1(3);B1(4);B4(2);B4(3);B4(4);C1(1);C2(4);C3(4);A3(4);B3(4);C1(2);B2(2);B2(3);B2(4);D3(3);C4(3);C4(4);D3(4)"
    173, 2026-09-20T21:54:58.048565,     4, Classic        , Classic        ,    48, Black ,        353, "A1(1);D1(1);A4(1);D4(1);D2(1);A2(1);D2(2);D2(3);D1(2);D4(2);D4(3);D4(4);A2(2);A4(2);A2(3);A1(2);D2(4);B4(1);B4(2);B3(1);B1(1);B3(2);A3(1);B3(3);B3(4);B4(3);A3(2);A3(3);A2(4);B2(1);A1(3);A1(4);B2(2);B2(3);C2(1);C2(2);C1(1);B1(2);C2(3);B2(4);D3(1);B4(4);C1(2);C2(4);C1(3);C1(4);B1(3);B1(4)"
    174, 2026-09-20T21:54:58.511679,     4, Classic        , Classic        ,    61, White ,        461, "D4(1);A1(1);A4(1);D1(1);B1(1);B4(1);B1(2);B1(3);A1(2);D1(2);D1(3);D1(4);B4(2);D4(2);B4(3);A4(2);B1(4);D3(1);D3(2);A3(1);C3(1);A3(2);A3(3);C1(1);C1(2);C3(2);C3(3);D3(3);A3(4);C2(1);C2(2);D2(1);D2(2);C2(3);C4(1);A2(1);B2(1);B2(2);C4(2);C4(3);A1(3);B2(3);B2(4);C2(4);B4(4);C3(4);C4(4);D3(4);A1(4);B3(1);B3(2);C1(3);C1(4);D4(3);D4(4);D2(3);D2(4);A4(3);B3(3);A4(4);B3(4)"
    175, 2026-09-20T21:54:58.897876,     4, Classic        , Classic        ,    62, Black ,        385, "A1(1);D1(1);A4(1);D4(1);D3(1);A3(1);D3(2);D3(3);D4(2);D1(2);D1(3);D1(4);A4(2);A1(2);D3(4);A4(3);A4(4);B2(1);A3(2);A3(3);A3(4);D2(1);A1(3);A1(4);D2(2);A2(1);C2(1);A2(2);A2(3);B1(1);C2(2);C2(3);C3(1);C3(2);C3(3);C1(1);C1(2);B2(2);B2(3);D4(3);B4(1);B4(2);C4(1);C1(3);C4(2);C4(3);B4(3);B4(4);B1(2);C1(4);C3(4);B2(4);B3(1);A2(4);C2(4);C4(4);D4(4);B1(3);B1(4);B3(2);D2(3);B3(3)"
    176, 2026-09-20T21:54:59.30206 ,     4, Classic        , Classic        ,    64, Draw  ,        403, "D4(1);A1(1);D1(1);A4(1);A2(1);D2(1);A2(2);A2(3);A1(2);A4(2);A4(3);A4(4);D1(2);D4(2);A2(4);D1(3);D1(4);C3(1);D2(2);D2(3);D2(4);A3(1);D4(3);D4(4);A3(2);D3(1);B3(1);D3(2);D3(3);C4(1);B3(2);B3(3);B2(1);B2(2);B2(3);B4(1);B4(2);A1(3);A1(4);C3(2);C3(3);C1(1);C2(1);C1(2);C1(3);C1(4);C4(2);C4(3);C4(4);B1(1);B2(4);B3(4);C3(4);B1(2);D3(4);C2(2);C2(3);C2(4);B4(3);A3(3);B4(4);B1(3);B1(4);A3(4)"
    177, 2026-09-20T21:54:59.716586,     4, Classic        , Classic        ,    64, Draw  ,        414, "D1(1);A4(1);D4(1);A1(1);A2(1);D2(1);A2(2);A2(3);A1(2);A4(2);A4(3);A4(4);D1(2);D4(2);A2(4);D1(3);D1(4);C3(1);D2(2);D2(3);D2(4);A3(1);D4(3);D4(4);A3(2);D3(1);B3(1);D3(2);D3(3);C4(1);B3(2);B3(3);B2(1);B2(2);B2(3);B4(1);B4(2);C3(2);C3(3);A1(3);C1(1);C1(2);B1(1);B4(3);B1(2);B1(3);C1(3);C1(4);C4(2);B4(4);B2(4);C3(4);C2(1);D3(4);B3(4);A3(3);A3(4);C4(3);C4(4);C2(2);C2(3);C2(4);B1(4);A1(4)"
    178, 2026-09-20T21:55:00.102601,     4, Classic        , Classic        ,    59, White ,        385, "A4(1);D4(1);A1(1);D1(1);D2(1);A2(1);D2(2);D2(3);D1(2);D4(2);D4(3);D4(4);A2(2);A4(2);A2(3);A1(2);D2(4);C4(1);C4(2);C1(1);C2(1);C2(2);C2(3);C4(3);C4(4);C3(1);C3(2);D3(1);A4(3);A4(4);A1(3);A1(4);A3(1);D3(2);A2(4);C1(2);C3(3);C3(4);C1(3);D1(3);D1(4);C2(4);D3(3);D3(4);B3(1);B3(2);B3(3);B3(4);B4(1);B2(1);B2(2);B2(3);B2(4);C1(4);B4(2);B1(1);B4(3);B1(2);B4(4)"
    179, 2026-09-20T21:55:00.512216,     4, Classic        , Classic        ,    62, Black ,        409, "D4(1);A1(1);D1(1);A4(1);A2(1);D2(1);A2(2);A2(3);A1(2);A4(2);A4(3);A4(4);D1(2);D4(2);A2(4);D1(3);D1(4);C3(1);D2(2);D2(3);D2(4);A3(1);D4(3);D4(4);A3(2);D3(1);B3(1);D3(2);D3(3);C4(1);B3(2);B3(3);B2(1);B2(2);B2(3);B4(1);B4(2);A1(3);A1(4);C3(2);C3(3);C1(1);C2(1);C1(2);C1(3);C1(4);C4(2);C4(3);C4(4);B1(1);B2(4);B3(4);B1(2);D3(4);C3(4);C2(2);C2(3);C2(4);B4(3);A3(3);B4(4);A3(4)"
    180, 2026-09-20T21:55:00.925122,     4, Classic        , Classic        ,    61, White ,        412, "D1(1);A1(1);D4(1);A4(1);A2(1);D2(1);A2(2);A2(3);A1(2);A4(2);A4(3);A4(4);D1(2);D4(2);A2(4);D1(3);D1(4);C3(1);D2(2);D2(3);D2(4);A3(1);D4(3);D4(4);A3(2);D3(1);B3(1);D3(2);D3(3);C4(1);B3(2);B3(3);B2(1);B2(2);B2(3);B4(1);B4(2);C3(2);C3(3);A1(3);C1(1);C1(2);B1(1);B4(3);B1(2);B1(3);C1(3);C1(4);B4(4);B2(4);C4(2);C3(4);A1(4);B3(4);D3(4);C2(1);C4(3);C4(4);B1(4);C2(2);C2(3)"
    181, 2026-09-20T21:55:01.306341,     4, Classic        , Classic        ,    61, White ,        380, "A4(1);D1(1);D4(1);A1(1);C1(1);C4(1);C1(2);C1(3);D1(2);A1(2);A1(3);A1(4);C4(2);A4(2);C4(3);D4(2);C1(4);A2(1);A2(2);D2(1);C2(1);C2(2);C2(3);A2(3);A2(4);B2(1);B2(2);B1(1);A4(3);A4(4);D4(3);B1(2);D4(4);B1(3);B1(4);D1(3);D1(4);C2(4);B4(1);D3(1);A3(1);C4(4);B2(3);B3(1);D3(2);B3(2);B3(3);C3(1);D3(3);D3(4);B2(4);A3(2);D2(2);D2(3);A3(3);C3(2);A3(4);D2(4);B3(4);B4(2);B4(3)"
    182, 2026-09-20T21:55:01.729641,     4, Classic        , Classic        ,    57, White ,        423, "A1(1);D1(1);A4(1);D4(1);D3(1);A3(1);D3(2);D3(3);D4(2);D1(2);D1(3);D1(4);A3(2);A1(2);A3(3);A4(2);D3(4);C1(1);C1(2);C4(1);C3(1);C3(2);C3(3);C1(3);C1(4);C2(1);C2(2);D2(1);A1(3);A1(4);A4(3);D2(2);A4(4);D2(3);D2(4);D4(3);D4(4);A3(4);A2(1);C3(4);B2(1);B4(1);C2(3);B1(1);B3(1);B4(2);B3(2);A2(2);C2(4);B1(2);C4(2);B2(2);B2(3);A2(3);A2(4);B3(3);B2(4)"
    183, 2026-09-20T21:55:02.151909,     4, Classic        , Classic        ,    62, Black ,        422, "A4(1);A1(1);D4(1);D1(1);C1(1);C4(1);C1(2);C1(3);D1(2);A1(2);A1(3);A1(4);D4(2);A4(2);C1(4);D4(3);D4(4);B3(1);C4(2);C4(3);C4(4);B1(1);A4(3);A4(4);B1(2);B4(1);B2(1);B4(2);B4(3);A3(1);B2(2);B2(3);C2(1);C2(2);C2(3);A2(1);A2(2);B3(2);B3(3);D1(3);D3(1);D3(2);D2(1);A2(3);D2(2);D2(3);D3(3);D3(4);A3(2);A2(4);C2(4);B3(4);C3(1);D2(4);B2(4);B4(4);D1(4);A3(3);A3(4);C3(2);B1(3);B1(4)"
    184, 2026-09-20T21:55:02.632303,     4, Classic        , Classic        ,    61, White ,        480, "D4(1);A4(1);D1(1);A1(1);A2(1);D2(1);A2(2);A2(3);A1(2);A4(2);A4(3);A4(4);D2(2);D4(2);D2(3);D1(2);A2(4);C4(1);C4(2);C1(1);C3(1);C1(2);C1(3);A3(1);A3(2);C3(2);C3(3);C4(3);C1(4);B3(1);B3(2);B4(1);B4(2);B3(3);D3(1);B1(1);B2(1);B2(2);D3(2);D3(3);A1(3);B2(3);B2(4);B3(4);D2(4);C3(4);D3(4);C4(4);A1(4);C2(1);C2(2);A3(3);A3(4);D4(3);D4(4);B4(3);B4(4);C2(3);D1(3);C2(4);D1(4)"
    185, 2026-09-20T21:55:03.055951,     4, Classic        , Classic        ,    62, Black ,        423, "A4(1);A1(1);D4(1);D1(1);C1(1);C4(1);C1(2);C1(3);D1(2);A1(2);A1(3);A1(4);D4(2);A4(2);C1(4);D4(3);D4(4);B3(1);C4(2);C4(3);C4(4);B1(1);A4(3);A4(4);B1(2);B4(1);B2(1);B4(2);B4(3);A3(1);B2(2);B2(3);C2(1);C2(2);C2(3);A2(1);A2(2);B3(2);B3(3);D1(3);D3(1);D3(2);D2(1);A2(3);D2(2);D2(3);D3(3);D3(4);A3(2);A2(4);C2(4);B3(4);C3(1);B4(4);B2(4);D2(4);D1(4);A3(3);A3(4);C3(2);B1(3);B1(4)"
    186, 2026-09-20T21:55:03.49293 ,     4, Classic        , Classic        ,    49, White ,        436, "A4(1);A1(1);D4(1);D1(1);C1(1);C4(1);C1(2);C1(3);D1(2);A1(2);A1(3);A1(4);C4(2);A4(2);C4(3);D4(2);C1(4);A3(1);A3(2);D3(1);B3(1);D3(2);D3(3);B1(1);B1(2);D3(4);B3(2);B3(3);C4(4);B3(4);D2(1);A2(1);A2(2);A3(3);A3(4);A2(3);A2(4);B1(3);B1(4);A4(3);A4(4);D1(3);D1(4);C3(1);C3(2);B4(1);C2(1);C2(2);C2(3)"
    187, 2026-09-20T21:55:03.910856,     4, Classic        , Classic        ,    53, White ,        417, "A1(1);A4(1);D1(1);D4(1);C4(1);C1(1);C4(2);C4(3);D4(2);A4(2);A4(3);A4(4);C1(2);A1(2);C1(3);D1(2);C4(4);A3(1);A3(2);D3(1);C3(1);C3(2);C3(3);A3(3);A3(4);B3(1);B3(2);B4(1);A1(3);A1(4);D1(3);B4(2);D1(4);B4(3);B4(4);D4(3);D4(4);A2(1);B1(1);C2(1);A2(2);C3(4);D2(1);B2(1);D2(2);B2(2);B2(3);C2(2);A2(3);C1(4);D2(3);D2(4);C2(3)"
    188, 2026-09-20T21:55:04.238805,     4, Classic        , Classic        ,    61, White ,        327, "A4(1);D4(1);A1(1);D1(1);D2(1);A2(1);D2(2);D2(3);D1(2);D4(2);D4(3);D4(4);A1(2);A4(2);D2(4);A1(3);A1(4);B3(1);A2(2);A2(3);A2(4);D3(1);A4(3);A4(4);D3(2);A3(1);C3(1);A3(2);A3(3);B4(1);C3(2);C3(3);C2(1);C2(2);C2(3);C4(1);C4(2);B3(2);B3(3);D1(3);B1(1);B1(2);C1(1);C4(3);C1(2);C1(3);B1(3);B1(4);C4(4);C2(4);B4(2);B3(4);D1(4);A3(4);C3(4);B2(1);B4(3);B4(4);C1(4);B2(2);B2(3)"
    189, 2026-09-20T21:55:04.710168,     4, Classic        , Classic        ,    63, White ,        471, "D1(1);A1(1);D4(1);A4(1);A2(1);D2(1);A2(2);A2(3);A1(2);A4(2);A4(3);A4(4);D2(2);D4(2);D2(3);D1(2);A2(4);C4(1);C4(2);C1(1);C3(1);C1(2);C1(3);A3(1);A3(2);C3(2);C3(3);C4(3);C1(4);B3(1);B3(2);B4(1);B4(2);B3(3);D3(1);B1(1);B2(1);B2(2);D3(2);D3(3);A1(3);B2(3);B2(4);B3(4);D2(4);C3(4);D3(4);C4(4);A1(4);C2(1);C2(2);A3(3);A3(4);D4(3);D4(4);B4(3);B4(4);B1(2);B1(3);C2(3);B1(4);C2(4);D1(3)"
    190, 2026-09-20T21:55:05.161587,     4, Classic        , Classic        ,    55, White ,        451, "D1(1);A1(1);D4(1);A4(1);A2(1);D2(1);A2(2);A2(3);A1(2);A4(2);A4(3);A4(4);D2(2);D4(2);D2(3);D1(2);A2(4);C4(1);C4(2);C1(1);C3(1);C1(2);C1(3);A3(1);A3(2);C1(4);C3(2);C3(3);D2(4);C3(4);B1(1);B4(1);B4(2);C4(3);C4(4);B4(3);B4(4);A3(3);A3(4);D4(3);D4(4);D3(1);D3(2);D3(3);D3(4);A1(3);A1(4);B1(2);C2(1);B1(3);C2(2);B2(1);D1(3);B2(2);D1(4)"
    191, 2026-09-20T21:55:05.564601,     4, Classic        , Classic        ,    62, Black ,        402, "D4(1);D1(1);A4(1);A1(1);C1(1);C4(1);C1(2);C1(3);D1(2);A1(2);A1(3);A1(4);D4(2);A4(2);C1(4);D4(3);D4(4);B3(1);C4(2);C4(3);C4(4);B1(1);A4(3);A4(4);B1(2);B4(1);B2(1);B4(2);B4(3);A3(1);B2(2);B2(3);C2(1);C2(2);C2(3);A2(1);A2(2);B3(2);B3(3);D1(3);D3(1);D3(2);D2(1);A2(3);D2(2);D2(3);D3(3);D3(4);A3(2);A2(4);C2(4);B3(4);C3(1);B4(4);B2(4);D1(4);D2(4);A3(3);A3(4);C3(2);B1(3);C3(3)"
    192, 2026-09-20T21:55:05.953788,     4, Classic        , Classic        ,    41, White ,        388, "A1(1);D4(1);D1(1);A4(1);C4(1);C1(1);C4(2);C4(3);D4(2);A4(2);A4(3);A4(4);C1(2);A1(2);C1(3);D1(2);C4(4);A2(1);A2(2);B2(1);D2(1);B2(2);B1(1);B2(3);B2(4);A2(3);B1(2);B1(3);B1(4);B3(1);B3(2);C3(1);C3(2);C1(4);B3(3);D3(1);A3(1);A3(2);C2(1);A1(3);C2(2)"
    193, 2026-09-20T21:55:06.362037,     4, Classic        , Classic        ,    49, White ,        408, "D4(1);D1(1);A4(1);A1(1);C1(1);C4(1);C1(2);C1(3);D1(2);A1(2);A1(3);A1(4);C4(2);A4(2);C4(3);D4(2);C1(4);A3(1);A3(2);D3(1);B3(1);D3(2);D3(3);B1(1);B1(2);D3(4);B3(2);B3(3);C4(4);B3(4);D2(1);A2(1);A2(2);A3(3);A3(4);A2(3);A2(4);B1(3);B1(4);A4(3);A4(4);D1(3);D1(4);C3(1);C3(2);B4(1);C2(1);C2(2);C2(3)"
    194, 2026-09-20T21:55:06.813342,     4, Classic        , Classic        ,    61, White ,        451, "A1(1);A4(1);D1(1);D4(1);B4(1);B1(1);B4(2);B4(3);A4(2);D4(2);D4(3);D4(4);B1(2);D1(2);B1(3);A1(2);B4(4);D2(1);D2(2);A2(1);C2(1);A2(2);A2(3);C4(1);C4(2);C2(2);C2(3);D2(3);A2(4);C3(1);C3(2);D3(1);D3(2);C3(3);C1(1);A3(1);B3(1);B3(2);C1(2);C1(3);A4(3);B3(3);B3(4);C3(4);B1(4);C2(4);C1(4);D2(4);A4(4);B2(1);B2(2);C4(3);C4(4);D1(3);D1(4);D3(3);D3(4);B2(3);A1(3);A1(4);B2(4)"
    195, 2026-09-20T21:55:07.222391,     4, Classic        , Classic        ,    44, Black ,        408, "A1(1);D4(1);D1(1);A4(1);C4(1);C1(1);C4(2);C4(3);D4(2);A4(2);A4(3);A4(4);C1(2);A1(2);C1(3);D1(2);C4(4);A2(1);A2(2);B2(1);D2(1);B2(2);B1(1);B2(3);B2(4);A2(3);B1(2);B1(3);C1(4);C2(1);D1(3);D1(4);C2(2);C2(3);C3(1);C3(2);C3(3);D2(2);D2(3);B3(1);D2(4);A1(3);B3(2);A1(4)"
    196, 2026-09-20T21:55:07.611247,     4, Classic        , Classic        ,    57, White ,        388, "D1(1);D4(1);A1(1);A4(1);C4(1);C1(1);C4(2);C4(3);D4(2);A4(2);A4(3);A4(4);C1(2);A1(2);C1(3);D1(2);C4(4);A3(1);A3(2);D3(1);C3(1);C3(2);C3(3);A3(3);A3(4);B3(1);B3(2);B4(1);A1(3);A1(4);D1(3);D1(4);B1(1);B4(2);C1(4);D3(2);B3(3);B3(4);D3(3);D4(3);D4(4);C3(4);A2(1);C2(1);A2(2);A2(3);A2(4);D3(4);B1(2);B1(3);B1(4);B4(3);B4(4);D2(1);B2(1);D2(2);B2(2)"
    197, 2026-09-20T21:55:08.000261,     4, Classic        , Classic        ,    62, Black ,        388, "D4(1);D1(1);A4(1);A1(1);C1(1);C4(1);C1(2);C1(3);D1(2);A1(2);A1(3);A1(4);D4(2);A4(2);C1(4);D4(3);D4(4);B3(1);C4(2);C4(3);C4(4);B1(1);A4(3);A4(4);B1(2);B4(1);B2(1);B4(2);B4(3);A3(1);B2(2);B2(3);C2(1);C2(2);C2(3);A2(1);A2(2);D1(3);D1(4);B3(2);B3(3);D3(1);C3(1);D3(2);D3(3);D3(4);A3(2);A3(3);A3(4);D2(1);C2(4);B2(4);D2(2);B3(4);B4(4);C3(2);C3(3);C3(4);B1(3);A2(3);B1(4);A2(4)"
    198, 2026-09-20T21:55:08.386615,     4, Classic        , Classic        ,    61, White ,        386, "A1(1);A4(1);D1(1);D4(1);B4(1);B1(1);B4(2);B4(3);A4(2);D4(2);D4(3);D4(4);A1(2);D1(2);B4(4);A1(3);A1(4);C2(1);B1(2);B1(3);B1(4);C4(1);D1(3);D1(4);C4(2);C1(1);C3(1);C1(2);C1(3);D2(1);C3(2);C3(3);B3(1);B3(2);B3(3);D3(1);D3(2);C2(2);C2(3);A4(3);A2(1);A2(2);A3(1);D3(3);A3(2);A3(3);A2(3);A2(4);D3(4);B3(4);D2(2);C2(4);A4(4);A3(4);C3(4);B2(1);D2(3);D2(4);C1(4);B2(2);B2(3)"
    199, 2026-09-20T21:55:08.844035,     4, Classic        , Classic        ,    61, White ,        457, "A1(1);D4(1);A4(1);D1(1);D2(1);A2(1);D2(2);D2(3);D1(2);D4(2);D4(3);D4(4);A2(2);A4(2);A2(3);A1(2);D2(4);B4(1);B4(2);B1(1);B3(1);B1(2);B1(3);D3(1);D3(2);B3(2);B3(3);B4(3);B1(4);C3(1);C3(2);C4(1);C4(2);C3(3);A3(1);C1(1);C2(1);C2(2);A3(2);A3(3);D1(3);C2(3);C2(4);C3(4);A2(4);B3(4);A3(4);B4(4);D1(4);B2(1);B2(2);D3(3);D3(4);A4(3);A4(4);C4(3);C4(4);B2(3);A1(3);A1(4);B2(4)"
    200, 2026-09-20T21:55:09.248724,     4, Classic        , Classic        ,    59, White ,        404, "D4(1);D1(1);A4(1);A1(1);B1(1);B4(1);B1(2);B1(3);A1(2);D1(2);D1(3);D1(4);B4(2);D4(2);B4(3);A4(2);B1(4);D2(1);D2(2);A2(1);B2(1);B2(2);B2(3);D2(3);D2(4);C2(1);C2(2);C1(1);D4(3);D4(4);A4(3);A4(4);C4(1);C1(2);B4(4);A2(2);C2(3);C2(4);A2(3);A1(3);A1(4);B2(4);D3(1);B3(1);C1(3);C1(4);C3(1);C3(2);C3(3);C3(4);B3(2);B3(3);B3(4);D3(2);A2(4);D3(3);D3(4);C4(2);A3(1)"
    201, 2026-09-20T21:55:09.710546,     4, Classic        , Classic        ,    61, White ,        461, "D4(1);A1(1);A4(1);D1(1);B1(1);B4(1);B1(2);B1(3);A1(2);D1(2);D1(3);D1(4);B4(2);D4(2);B4(3);A4(2);B1(4);D3(1);D3(2);A3(1);C3(1);A3(2);A3(3);C1(1);C1(2);C3(2);C3(3);D3(3);A3(4);C2(1);C2(2);D2(1);D2(2);C2(3);C4(1);A2(1);B2(1);B2(2);C4(2);C4(3);A1(3);B2(3);B2(4);C2(4);B4(4);C3(4);C4(4);D3(4);A1(4);B3(1);B3(2);C1(3);C1(4);D4(3);D4(4);D2(3);D2(4);B3(3);A4(3);A4(4);B3(4)"
    202, 2026-09-20T21:55:10.201392,     4, Classic        , Classic        ,    57, White ,        490, "A1(1);A4(1);D1(1);D4(1);C4(1);C1(1);C4(2);C4(3);D4(2);A4(2);A4(3);A4(4);C1(2);A1(2);C1(3);D1(2);C4(4);A2(1);A2(2);B2(1);D2(1);B2(2);B2(3);B4(1);B4(2);B1(1);B3(1);B3(2);C3(1);B3(3);C3(2);C3(3);D1(3);D1(4);B1(2);B1(3);A3(1);D3(1);C1(4);D3(2);D3(3);B3(4);D4(3);D4(4);C3(4);D3(4);A2(3);A2(4);B2(4);A3(2);B1(4);A1(3);A3(3);B4(3);B4(4);C2(1);C2(2)"
    203, 2026-09-20T21:55:10.624708,     4, Classic        , Classic        ,    64, Draw  ,        422, "D1(1);A4(1);D4(1);A1(1);A3(1);D3(1);A3(2);A3(3);A4(2);A1(2);A1(3);A1(4);D4(2);D1(2);A3(4);D4(3);D4(4);C2(1);D3(2);D3(3);D3(4);A2(1);D1(3);D1(4);A2(2);D2(1);B2(1);D2(2);D2(3);C1(1);B2(2);B2(3);B3(1);B3(2);B3(3);B1(1);B1(2);A4(3);A4(4);C2(2);C2(3);C4(1);C3(1);C4(2);C4(3);C4(4);C1(2);C1(3);C1(4);B4(1);B3(4);B2(4);C2(4);D2(4);B4(2);C3(2);C3(3);C3(4);B4(3);B4(4);A2(3);B1(3);A2(4);B1(4)"
    204, 2026-09-20T21:55:11.035176,     4, Classic        , Classic        ,    62, Black ,        410, "A1(1);A4(1);D1(1);D4(1);C4(1);C1(1);C4(2);C4(3);D4(2);A4(2);A4(3);A4(4);D1(2);A1(2);C4(4);D1(3);D1(4);B2(1);C1(2);C1(3);C1(4);B4(1);A1(3);A1(4);B4(2);B1(1);B3(1);B1(2);B1(3);A2(1);B3(2);B3(3);C3(1);C3(2);C3(3);A3(1);A3(2);D4(3);D4(4);B2(2);B2(3);D2(1);C2(1);D2(2);D2(3);D2(4);A2(2);A2(3);A2(4);D3(1);C3(4);B3(4);B1(4);D3(2);B2(4);C2(2);C2(3);C2(4);A3(3);D3(3);B4(3);A3(4)"
    205, 2026-09-20T21:55:11.465482,     4, Classic        , Classic        ,    64, Draw  ,        430, "D1(1);A1(1);D4(1);A4(1);A2(1);D2(1);A2(2);A2(3);A1(2);A4(2);A4(3);A4(4);D1(2);D4(2);A2(4);D1(3);D1(4);C3(1);D2(2);D2(3);D2(4);A3(1);D4(3);D4(4);A3(2);D3(1);B3(1);D3(2);D3(3);C4(1);B3(2);B3(3);B2(1);B2(2);B2(3);B4(1);B4(2);A1(3);A1(4);C3(2);C3(3);C1(1);C2(1);C1(2);C1(3);C1(4);C4(2);C4(3);C4(4);B1(1);B2(4);B3(4);C3(4);B1(2);D3(4);C2(2);C2(3);C2(4);B1(3);B1(4);B4(3);A3(3);A3(4);B4(4)"
    206, 2026-09-20T21:55:11.921602,     4, Classic        , Classic        ,    59, White ,        455, "D1(1);D4(1);A1(1);A4(1);C4(1);C1(1);C4(2);C4(3);D4(2);A4(2);A4(3);A4(4);C1(2);A1(2);C1(3);D1(2);C4(4);A3(1);A3(2);D3(1);C3(1);C3(2);C3(3);A3(3);A3(4);B3(1);B3(2);B4(1);A1(3);A1(4);D1(3);D1(4);B1(1);B4(2);C1(4);D3(2);B3(3);B3(4);D3(3);D4(3);D4(4);C3(4);A2(1);C2(1);A2(2);A2(3);B4(3);B4(4);B2(1);B2(2);B2(3);B2(4);C2(2);C2(3);C2(4);D2(1);B1(2);D2(2);B1(3)"
    207, 2026-09-20T21:55:12.358263,     4, Classic        , Classic        ,    62, Black ,        436, "A4(1);A1(1);D4(1);D1(1);C1(1);C4(1);C1(2);C1(3);D1(2);A1(2);A1(3);A1(4);D4(2);A4(2);C1(4);D4(3);D4(4);B3(1);C4(2);C4(3);C4(4);B1(1);A4(3);A4(4);B1(2);B4(1);B2(1);B4(2);B4(3);A3(1);B2(2);B2(3);C2(1);C2(2);C2(3);A2(1);A2(2);B3(2);B3(3);D1(3);D3(1);D3(2);D2(1);A2(3);D2(2);D2(3);D3(3);D3(4);A3(2);A2(4);C2(4);B3(4);C3(1);D2(4);D1(4);B4(4);B2(4);A3(3);A3(4);C3(2);B1(3);B1(4)"
    208, 2026-09-20T21:55:12.786761,     4, Classic        , Classic        ,    47, White ,        428, "D4(1);A1(1);D1(1);A4(1);A2(1);D2(1);A2(2);A2(3);A1(2);A4(2);A4(3);A4(4);D2(2);D4(2);D2(3);D1(2);A2(4);B4(1);B4(2);B1(1);B2(1);B2(2);B2(3);B4(3);B4(4);B3(1);B3(2);A3(1);D4(3);D4(4);D1(3);A3(2);D1(4);A1(3);A1(4);A3(3);A3(4);C1(1);D3(1);C1(2);C2(1);B2(4);C4(1);D3(2);C3(1);D3(3);C3(2)"
    209, 2026-09-20T21:55:13.152038,     4, Classic        , Classic        ,    61, White ,        365, "A4(1);D4(1);A1(1);D1(1);D3(1);A3(1);D3(2);D3(3);D4(2);D1(2);D1(3);D1(4);A4(2);A1(2);D3(4);A4(3);A4(4);B2(1);A3(2);A3(3);A3(4);D2(1);A1(3);A1(4);D2(2);A2(1);C2(1);A2(2);A2(3);B1(1);C2(2);C2(3);C3(1);C3(2);C3(3);C1(1);C1(2);B2(2);B2(3);D4(3);B4(1);B4(2);C4(1);C1(3);C4(2);C4(3);B4(3);B4(4);C1(4);C3(4);B1(2);B2(4);D4(4);A2(4);C2(4);B3(1);B1(3);B1(4);C4(4);B3(2);B3(3)"
    210, 2026-09-20T21:55:13.567236,     4, Classic        , Classic        ,    61, White ,        415, "D1(1);A1(1);D4(1);A4(1);A2(1);D2(1);A2(2);A2(3);A1(2);A4(2);A4(3);A4(4);D1(2);D4(2);A2(4);D1(3);D1(4);C3(1);D2(2);D2(3);D2(4);A3(1);D4(3);D4(4);A3(2);D3(1);B3(1);D3(2);D3(3);C4(1);B3(2);B3(3);B2(1);B2(2);B2(3);B4(1);B4(2);C3(2);C3(3);A1(3);C1(1);C1(2);B1(1);B4(3);B1(2);B1(3);C1(3);C1(4);B4(4);B2(4);C4(2);C3(4);A1(4);D3(4);B3(4);C2(1);C4(3);C4(4);B1(4);C2(2);C2(3)"
    211, 2026-09-20T21:55:13.983843,     4, Classic        , Classic        ,    62, Black ,        416, "A1(1);A4(1);D1(1);D4(1);C4(1);C1(1);C4(2);C4(3);D4(2);A4(2);A4(3);A4(4);D1(2);A1(2);C4(4);D1(3);D1(4);B2(1);C1(2);C1(3);C1(4);B4(1);A1(3);A1(4);B4(2);B1(1);B3(1);B1(2);B1(3);A2(1);B3(2);B3(3);C3(1);C3(2);C3(3);A3(1);A3(2);D4(3);D4(4);B2(2);B2(3);D2(1);C2(1);D2(2);D2(3);D2(4);A2(2);A2(3);A2(4);D3(1);C3(4);B3(4);D3(2);B2(4);B1(4);C2(2);C2(3);C2(4);A3(3);B4(3);B4(4);A3(4)"
    212, 2026-09-20T21:55:14.357708,     4, Classic        , Classic        ,    43, White ,        373, "D1(1);D4(1);A1(1);A4(1);C4(1);C1(1);C4(2);C4(3);D4(2);A4(2);A4(3);A4(4);C1(2);A1(2);C1(3);D1(2);C4(4);A3(1);A3(2);D3(1);C3(1);C3(2);C3(3);A3(3);A3(4);B3(1);B3(2);B4(1);A1(3);A1(4);D1(3);B4(2);D1(4);D4(3);D4(4);B4(3);B4(4);D2(1);B1(1);B1(2);B2(1);B2(2);B1(3)"
    213, 2026-09-20T21:55:14.79726 ,     4, Classic        , Classic        ,    61, White ,        439, "D4(1);A1(1);D1(1);A4(1);A3(1);D3(1);A3(2);A3(3);A4(2);A1(2);A1(3);A1(4);D4(2);D1(2);A3(4);D4(3);D4(4);C2(1);D3(2);D3(3);D3(4);A2(1);D1(3);D1(4);A2(2);D2(1);B2(1);D2(2);D2(3);C1(1);B2(2);B2(3);B3(1);B3(2);B3(3);B1(1);B1(2);C2(2);C2(3);A4(3);C4(1);C4(2);B4(1);B1(3);B4(2);B4(3);C4(3);C4(4);B1(4);B3(4);C1(2);C2(4);A4(4);B2(4);D2(4);C3(1);C1(3);C1(4);B4(4);C3(2);C3(3)"
    214, 2026-09-20T21:55:15.289386,     4, Classic        , Classic        ,    61, White ,        491, "A4(1);A1(1);D4(1);D1(1);C1(1);C4(1);C1(2);C1(3);D1(2);A1(2);A1(3);A1(4);C4(2);A4(2);C4(3);D4(2);C1(4);A3(1);A3(2);D3(1);B3(1);D3(2);D3(3);B1(1);B1(2);B3(2);B3(3);A3(3);D3(4);B2(1);B2(2);A2(1);A2(2);B2(3);B4(1);D2(1);C2(1);C2(2);B4(2);B4(3);D1(3);C2(3);C2(4);B2(4);C4(4);B3(4);B4(4);A3(4);D1(4);C3(1);C3(2);B1(3);B1(4);A4(3);A4(4);A2(3);A2(4);C3(3);D4(3);D2(2);D2(3)"
    215, 2026-09-20T21:55:15.707232,     4, Classic        , Classic        ,    62, Black ,        417, "A4(1);A1(1);D4(1);D1(1);B1(1);B4(1);B1(2);B1(3);A1(2);D1(2);D1(3);D1(4);A4(2);D4(2);B1(4);A4(3);A4(4);C3(1);B4(2);B4(3);B4(4);C1(1);D4(3);D4(4);C1(2);C4(1);C2(1);C4(2);C4(3);D3(1);C2(2);C2(3);B2(1);B2(2);B2(3);D2(1);D2(2);A1(3);A1(4);C3(2);C3(3);A3(1);B3(1);A3(2);A3(3);A3(4);D3(2);D3(3);D3(4);A2(1);B2(4);C2(4);C4(4);C3(4);A2(2);B3(2);B3(3);B3(4);C1(3);D2(3);C1(4);D2(4)"
    216, 2026-09-20T21:55:16.098065,     4, Classic        , Classic        ,    59, White ,        390, "A4(1);D4(1);A1(1);D1(1);D2(1);A2(1);D2(2);D2(3);D1(2);D4(2);D4(3);D4(4);A2(2);A4(2);A2(3);A1(2);D2(4);C4(1);C4(2);C1(1);C2(1);C2(2);C2(3);C4(3);C4(4);C3(1);C3(2);D3(1);A4(3);A4(4);A1(3);A1(4);A3(1);D3(2);A2(4);C1(2);C3(3);C3(4);C1(3);D1(3);D1(4);C2(4);D3(3);D3(4);B3(1);B3(2);B3(3);B3(4);B4(1);B2(1);B2(2);B2(3);B2(4);C1(4);B4(2);B1(1);B4(3);A3(2);B4(4)"
    217, 2026-09-20T21:55:16.529852,     4, Classic        , Classic        ,    64, Draw  ,        431, "D4(1);A4(1);D1(1);A1(1);A3(1);D3(1);A3(2);A3(3);A4(2);A1(2);A1(3);A1(4);D4(2);D1(2);A3(4);D4(3);D4(4);C2(1);D3(2);D3(3);D3(4);A2(1);D1(3);D1(4);A2(2);D2(1);B2(1);D2(2);D2(3);C1(1);B2(2);B2(3);B3(1);B3(2);B3(3);B1(1);B1(2);A4(3);A4(4);C2(2);C2(3);C4(1);C3(1);C4(2);C4(3);C4(4);C1(2);C1(3);C1(4);B4(1);B3(4);B2(4);B4(2);C2(4);D2(4);C3(2);C3(3);C3(4);B4(3);B4(4);A2(3);B1(3);B1(4);A2(4)"
    218, 2026-09-20T21:55:16.921395,     4, Classic        , Classic        ,    61, White ,        391, "A1(1);D1(1);A4(1);D4(1);D3(1);A3(1);D3(2);D3(3);D4(2);D1(2);D1(3);D1(4);A4(2);A1(2);D3(4);A4(3);A4(4);B2(1);A3(2);A3(3);A3(4);D2(1);A1(3);A1(4);D2(2);A2(1);C2(1);A2(2);A2(3);B1(1);C2(2);C2(3);C3(1);C3(2);C3(3);C1(1);C1(2);B2(2);B2(3);D4(3);B4(1);B4(2);C4(1);C1(3);C4(2);C4(3);B4(3);B4(4);C1(4);C3(4);B1(2);B2(4);D4(4);C4(4);A2(4);B3(1);B1(3);B1(4);C2(4);B3(2);B3(3)"
    219, 2026-09-20T21:55:17.317069,     4, Classic        , Classic        ,    41, White ,        395, "D4(1);D1(1);A4(1);A1(1);C1(1);C4(1);C1(2);C1(3);D1(2);A1(2);A1(3);A1(4);C4(2);A4(2);C4(3);D4(2);C1(4);A3(1);A3(2);B3(1);D3(1);B3(2);B4(1);B3(3);B3(4);A3(3);B4(2);B4(3);B4(4);B2(1);B2(2);C2(1);C2(2);C4(4);B2(3);D2(1);A2(1);A2(2);C3(1);A4(3);C3(2)"
    220, 2026-09-20T21:55:17.744004,     4, Classic        , Classic        ,    59, White ,        426, "A1(1);D4(1);A4(1);D1(1);D2(1);A2(1);D2(2);D2(3);D1(2);D4(2);D4(3);D4(4);A2(2);A4(2);A2(3);A1(2);D2(4);C4(1);C4(2);C1(1);C2(1);C2(2);C2(3);C4(3);C4(4);C3(1);C3(2);D3(1);A4(3);A4(4);A1(3);A1(4);A3(1);D3(2);A2(4);C1(2);C3(3);C3(4);C1(3);D1(3);D1(4);C2(4);B4(1);B2(1);D3(3);D3(4);B3(1);B3(2);B3(3);B3(4);B2(2);B2(3);B2(4);B4(2);B4(3);C1(4);B4(4);A3(2);B1(1)"
    221, 2026-09-20T21:55:18.124033,     4, Classic        , Classic        ,    62, Black ,        379, "A4(1);D4(1);A1(1);D1(1);D3(1);A3(1);D3(2);D3(3);D4(2);D1(2);D1(3);D1(4);A4(2);A1(2);D3(4);A4(3);A4(4);B2(1);A3(2);A3(3);A3(4);D2(1);A1(3);A1(4);D2(2);A2(1);C2(1);A2(2);A2(3);B1(1);C2(2);C2(3);C3(1);C3(2);C3(3);C1(1);C1(2);B2(2);B2(3);D4(3);B4(1);B4(2);C4(1);C1(3);C4(2);C4(3);B4(3);B4(4);B1(2);C1(4);C3(4);B2(4);B3(1);C4(4);C2(4);A2(4);D4(4);B1(3);B1(4);B3(2);D2(3);B3(3)"
    222, 2026-09-20T21:55:18.578177,     4, Classic        , Classic        ,    46, Black ,        453, "A4(1);A1(1);D4(1);D1(1);B1(1);B4(1);B1(2);B1(3);A1(2);D1(2);D1(3);D1(4);B4(2);D4(2);B4(3);A4(2);B1(4);D3(1);D3(2);C3(1);A3(1);C3(2);C4(1);C3(3);C3(4);D3(3);C4(2);C4(3);B4(4);B3(1);A4(3);A4(4);B3(2);B3(3);B2(1);B2(2);D3(4);A3(2);A1(3);D2(1);A2(1);B2(3);D4(3);A2(2);A2(3);D4(4)"
    223, 2026-09-20T21:55:18.985181,     4, Classic        , Classic        ,    59, White ,        406, "D4(1);A1(1);D1(1);A4(1);A2(1);D2(1);A2(2);A2(3);A1(2);A4(2);A4(3);A4(4);D2(2);D4(2);D2(3);D1(2);A2(4);B4(1);B4(2);B1(1);B2(1);B2(2);B2(3);B4(3);B4(4);B3(1);B3(2);A3(1);D4(3);D4(4);D1(3);D1(4);D3(1);A3(2);D2(4);B1(2);B3(3);B3(4);B1(3);A3(3);A3(4);B2(4);B1(4);C4(1);C2(1);C4(2);C4(3);C4(4);C1(1);C1(2);C1(3);A1(3);A1(4);C1(4);C2(2);C3(1);D3(2);C3(2);D3(3)"
    224, 2026-09-20T21:55:19.368377,     4, Classic        , Classic        ,    62, Black ,        383, "A1(1);A4(1);D1(1);D4(1);B4(1);B1(1);B4(2);B4(3);A4(2);D4(2);D4(3);D4(4);A1(2);D1(2);B4(4);A1(3);A1(4);C2(1);B1(2);B1(3);B1(4);C4(1);D1(3);D1(4);C4(2);C1(1);C3(1);C1(2);C1(3);D2(1);C3(2);C3(3);B3(1);B3(2);B3(3);D3(1);D3(2);A4(3);A4(4);C2(2);C2(3);A2(1);B2(1);A2(2);A2(3);A2(4);D2(2);D2(3);D2(4);A3(1);B3(4);C3(4);C1(4);A3(2);A3(3);B2(2);B2(3);B2(4);D3(3);C4(3);C4(4);D3(4)"
    225, 2026-09-20T21:55:19.726513,     4, Classic        , Classic        ,    62, Black ,        357, "D1(1);D4(1);A1(1);A4(1);C4(1);C1(1);C4(2);C4(3);D4(2);A4(2);A4(3);A4(4);D1(2);A1(2);C4(4);D1(3);D1(4);B2(1);C1(2);C1(3);C1(4);B4(1);A1(3);A1(4);B4(2);B1(1);B3(1);B1(2);B1(3);A2(1);B3(2);B3(3);C3(1);C3(2);C3(3);A3(1);A3(2);D4(3);D4(4);B2(2);B2(3);D2(1);C2(1);D2(2);D2(3);D2(4);A2(2);A2(3);A2(4);D3(1);C3(4);B3(4);B1(4);D3(2);B2(4);C2(2);C2(3);C2(4);B4(3);D3(3);A3(3);A3(4)"
    226, 2026-09-20T21:55:20.120372,     4, Classic        , Classic        ,    64, Draw  ,        393, "D4(1);D1(1);A4(1);A1(1);C1(1);C4(1);C1(2);C1(3);D1(2);A1(2);A1(3);A1(4);D4(2);A4(2);C1(4);D4(3);D4(4);B3(1);C4(2);C4(3);C4(4);B1(1);A4(3);A4(4);B1(2);B4(1);B2(1);B4(2);B4(3);A3(1);B2(2);B2(3);C2(1);C2(2);C2(3);A2(1);A2(2);B3(2);B3(3);D1(3);D3(1);D3(2);D2(1);A2(3);D2(2);D2(3);D3(3);D3(4);A3(2);A2(4);C2(4);B3(4);C3(1);B2(4);B4(4);B1(3);B1(4);A3(3);A3(4);C3(2);C3(3);C3(4);D1(4);D2(4)"
    227, 2026-09-20T21:55:20.483075,     4, Classic        , Classic        ,    59, White ,        361, "D1(1);A4(1);D4(1);A1(1);A3(1);D3(1);A3(2);A3(3);A4(2);A1(2);A1(3);A1(4);D3(2);D1(2);D3(3);D4(2);A3(4);B1(1);B1(2);B4(1);B3(1);B3(2);B3(3);B1(3);B1(4);B2(1);B2(2);A2(1);D1(3);D1(4);D4(3);D4(4);D2(1);A2(2);D3(4);B4(2);B2(3);B2(4);B4(3);A2(3);A2(4);B3(4);B4(4);C1(1);C3(1);C1(2);C1(3);C1(4);C4(1);C4(2);C4(3);A4(3);A4(4);C4(4);C3(2);C2(1);D2(2);C2(2);C3(3)"
    228, 2026-09-20T21:55:20.879321,     4, Classic        , Classic        ,    62, Black ,        396, "D4(1);D1(1);A4(1);A1(1);C1(1);C4(1);C1(2);C1(3);D1(2);A1(2);A1(3);A1(4);D4(2);A4(2);C1(4);D4(3);D4(4);B3(1);C4(2);C4(3);C4(4);B1(1);A4(3);A4(4);B1(2);B4(1);B2(1);B4(2);B4(3);A3(1);B2(2);B2(3);C2(1);C2(2);C2(3);A2(1);A2(2);D1(3);D1(4);B3(2);B3(3);D3(1);C3(1);D3(2);D3(3);D3(4);A3(2);A3(3);A3(4);D2(1);C2(4);B2(4);B4(4);B3(4);D2(2);C3(2);C3(3);C3(4);B1(3);A2(3);A2(4);B1(4)"
    229, 2026-09-20T21:55:21.250207,     4, Classic        , Classic        ,    64, Draw  ,        370, "A1(1);D1(1);A4(1);D4(1);D3(1);A3(1);D3(2);D3(3);D4(2);D1(2);D1(3);D1(4);A4(2);A1(2);D3(4);A4(3);A4(4);B2(1);A3(2);A3(3);A3(4);D2(1);A1(3);A1(4);D2(2);A2(1);C2(1);A2(2);A2(3);B1(1);C2(2);C2(3);C3(1);C3(2);C3(3);C1(1);C1(2);D4(3);D4(4);B2(2);B2(3);B4(1);B3(1);B4(2);B4(3);B4(4);B1(2);B1(3);B1(4);C4(1);C3(4);C2(4);B2(4);C4(2);A2(4);B3(2);B3(3);B3(4);C4(3);C4(4);C1(3);D2(3);D2(4);C1(4)"
    230, 2026-09-20T21:55:21.651072,     4, Classic        , Classic        ,    62, Black ,        400, "D4(1);D1(1);A4(1);A1(1);C1(1);C4(1);C1(2);C1(3);D1(2);A1(2);A1(3);A1(4);D4(2);A4(2);C1(4);D4(3);D4(4);B3(1);C4(2);C4(3);C4(4);B1(1);A4(3);A4(4);B1(2);B4(1);B2(1);B4(2);B4(3);A3(1);B2(2);B2(3);C2(1);C2(2);C2(3);A2(1);A2(2);B3(2);B3(3);D1(3);D3(1);D3(2);D2(1);A2(3);D2(2);D2(3);D3(3);D3(4);A3(2);A2(4);C2(4);B3(4);C3(1);D1(4);B4(4);D2(4);B2(4);A3(3);A3(4);C3(2);B1(3);C3(3)"
    231, 2026-09-20T21:55:22.032825,     4, Classic        , Classic        ,    51, White ,        381, "A4(1);D1(1);D4(1);A1(1);C1(1);C4(1);C1(2);C1(3);D1(2);A1(2);A1(3);A1(4);C4(2);A4(2);C4(3);D4(2);C1(4);A2(1);A2(2);D2(1);C2(1);C2(2);C2(3);A2(3);A2(4);B2(1);B2(2);B1(1);A4(3);A4(4);D4(3);B1(2);D4(4);D1(3);D1(4);B1(3);B1(4);C4(4);B4(1);D3(1);D3(2);A3(1);B2(3);D2(2);C2(4);B2(4);A3(2);B4(2);C3(1);D2(3);B4(3)"
    232, 2026-09-20T21:55:22.404643,     4, Classic        , Classic        ,    61, White ,        371, "A1(1);D4(1);D1(1);A4(1);B4(1);B1(1);B4(2);B4(3);A4(2);D4(2);D4(3);D4(4);A1(2);D1(2);B4(4);A1(3);A1(4);C2(1);B1(2);B1(3);B1(4);C4(1);D1(3);D1(4);C4(2);C1(1);C3(1);C1(2);C1(3);D2(1);C3(2);C3(3);B3(1);B3(2);B3(3);D3(1);D3(2);C2(2);C2(3);A4(3);A2(1);A2(2);A3(1);D3(3);A3(2);A3(3);A2(3);A2(4);D3(4);B3(4);D2(2);C2(4);A4(4);C3(4);C1(4);B2(1);D2(3);D2(4);A3(4);B2(2);B2(3)"
    233, 2026-09-20T21:55:22.835554,     4, Classic        , Classic        ,    64, Draw  ,        430, "D1(1);A1(1);D4(1);A4(1);A2(1);D2(1);A2(2);A2(3);A1(2);A4(2);A4(3);A4(4);D1(2);D4(2);A2(4);D1(3);D1(4);C3(1);D2(2);D2(3);D2(4);A3(1);D4(3);D4(4);A3(2);D3(1);B3(1);D3(2);D3(3);C4(1);B3(2);B3(3);B2(1);B2(2);B2(3);B4(1);B4(2);A1(3);A1(4);C3(2);C3(3);C1(1);C2(1);C1(2);C1(3);C1(4);C4(2);C4(3);C4(4);B1(1);B2(4);B3(4);B1(2);D3(4);C3(4);C2(2);C2(3);C2(4);B1(3);B1(4);A3(3);B4(3);A3(4);B4(4)"
    234, 2026-09-20T21:55:23.350776,     4, Classic        , Classic        ,    62, Black ,        514, "A4(1);A1(1);D4(1);D1(1);B1(1);B4(1);B1(2);B1(3);A1(2);D1(2);D1(3);D1(4);A4(2);D4(2);B1(4);A4(3);A4(4);C3(1);B4(2);B4(3);B4(4);C1(1);D4(3);D4(4);C1(2);C4(1);C2(1);C4(2);C4(3);D3(1);C2(2);C2(3);B2(1);B2(2);B2(3);D2(1);D2(2);C3(2);C3(3);A1(3);A3(1);A3(2);A2(1);D2(3);A2(2);A2(3);A3(3);A3(4);D3(2);D2(4);B2(4);C3(4);B3(1);C4(4);C2(4);A2(4);A1(4);D3(3);D3(4);B3(2);C1(3);C1(4)"
    235, 2026-09-20T21:55:23.685109,     4, Classic        , Classic        ,    62, Black ,        333, "D1(1);D4(1);A1(1);A4(1);B4(1);B1(1);B4(2);B4(3);A4(2);D4(2);D4(3);D4(4);A1(2);D1(2);B4(4);A1(3);A1(4);C2(1);B1(2);B1(3);B1(4);C4(1);D1(3);D1(4);C4(2);C1(1);C3(1);C1(2);C1(3);D2(1);C3(2);C3(3);B3(1);B3(2);B3(3);D3(1);D3(2);A4(3);A4(4);C2(2);C2(3);A2(1);B2(1);A2(2);A2(3);A2(4);D2(2);D2(3);D2(4);A3(1);B3(4);C3(4);A3(2);C1(4);C2(4);B2(2);B2(3);B2(4);C4(3);D3(3);D3(4);C4(4)"
    236, 2026-09-20T21:55:24.116618,     4, Classic        , Classic        ,    58, Black ,        431, "D4(1);D1(1);A4(1);A1(1);C1(1);C4(1);C1(2);C1(3);D1(2);A1(2);A1(3);A1(4);C4(2);A4(2);C4(3);D4(2);C1(4);A3(1);A3(2);B3(1);D3(1);B3(2);B3(3);B1(1);B1(2);B4(1);B2(1);B2(2);C2(1);B2(3);C2(2);C2(3);D4(3);D4(4);B4(2);B4(3);A2(1);D2(1);C4(4);B2(4);C2(4);B3(4);D3(2);D3(3);D2(2);D2(3);B4(4);D3(4);D2(4);A4(3);A4(4);D1(3);D1(4);A2(2);A2(3);A2(4);C3(1);C3(2)"
    237, 2026-09-20T21:55:24.524436,     4, Classic        , Classic        ,    59, White ,        407, "D4(1);A4(1);D1(1);A1(1);A2(1);D2(1);A2(2);A2(3);A1(2);A4(2);A4(3);A4(4);D2(2);D4(2);D2(3);D1(2);A2(4);B4(1);B4(2);B1(1);B2(1);B2(2);B2(3);B4(3);B4(4);B3(1);B3(2);A3(1);D4(3);D4(4);D1(3);D1(4);D3(1);A3(2);D2(4);B1(2);B3(3);B3(4);B1(3);A1(3);A1(4);B2(4);A3(3);A3(4);C3(1);C3(2);C3(3);C3(4);C4(1);C2(1);C2(2);C2(3);C2(4);C4(2);B1(4);C1(1);D3(2);D3(3);C1(2)"
    238, 2026-09-20T21:55:24.959375,     4, Classic        , Classic        ,    59, White ,        434, "A1(1);A4(1);D1(1);D4(1);C4(1);C1(1);C4(2);C4(3);D4(2);A4(2);A4(3);A4(4);C1(2);A1(2);C1(3);D1(2);C4(4);A3(1);A3(2);D3(1);C3(1);C3(2);C3(3);A3(3);A3(4);B3(1);B3(2);B4(1);A1(3);A1(4);D1(3);D1(4);B1(1);B4(2);C1(4);D3(2);B3(3);B3(4);D3(3);D4(3);D4(4);C3(4);B4(3);B4(4);B2(1);B2(2);B2(3);B2(4);A2(1);C2(1);C2(2);C2(3);C2(4);D3(4);A2(2);A2(3);D2(1);B1(2);D2(2)"
    239, 2026-09-20T21:55:25.337391,     4, Classic        , Classic        ,    55, White ,        377, "D1(1);D4(1);A1(1);A4(1);C4(1);C1(1);C4(2);C4(3);D4(2);A4(2);A4(3);A4(4);C1(2);A1(2);C1(3);D1(2);C4(4);A2(1);A2(2);D2(1);B2(1);D2(2);D2(3);B4(1);B4(2);D2(4);B2(2);B2(3);C1(4);B2(4);D3(1);A3(1);A3(2);A2(3);A2(4);A3(3);A3(4);B4(3);B4(4);A1(3);A1(4);B1(1);B1(2);B1(3);B1(4);D4(3);D4(4);D3(2);C2(1);D3(3);C2(2);D3(4);C3(1);C3(2);C3(3)"
    240, 2026-09-20T21:55:25.816886,     4, Classic        , Classic        ,    61, White ,        479, "A4(1);D1(1);D4(1);A1(1);C1(1);C4(1);C1(2);C1(3);D1(2);A1(2);A1(3);A1(4);C4(2);A4(2);C4(3);D4(2);C1(4);A3(1);A3(2);D3(1);B3(1);D3(2);D3(3);B1(1);B1(2);B3(2);B3(3);A3(3);D3(4);B2(1);B2(2);A2(1);A2(2);B2(3);B4(1);D2(1);C2(1);C2(2);B4(2);B4(3);D1(3);C2(3);C2(4);B2(4);C4(4);B3(4);B4(4);A3(4);D1(4);C3(1);C3(2);B1(3);B1(4);A4(3);A4(4);A2(3);A2(4);C3(3);D4(3);C3(4);D4(4)"
    241, 2026-09-20T21:55:26.236169,     4, Classic        , Classic        ,    57, White ,        419, "D1(1);A1(1);D4(1);A4(1);A2(1);D2(1);A2(2);A2(3);A1(2);A4(2);A4(3);A4(4);D2(2);D4(2);D2(3);D1(2);A2(4);B4(1);B4(2);B1(1);B2(1);B2(2);B2(3);B4(3);B4(4);B3(1);B3(2);A3(1);D4(3);D4(4);D1(3);A3(2);D1(4);A1(3);A1(4);A3(3);A3(4);C4(1);D3(1);B2(4);C2(1);D2(4);B3(3);C2(2);C4(2);C3(1);C4(3);D3(2);B1(2);B1(3);C1(1);B1(4);C1(2);D3(3);D3(4);C3(2);C2(3)"
    242, 2026-09-20T21:55:26.764954,     4, Classic        , Classic        ,    64, Draw  ,        528, "D4(1);D1(1);A4(1);A1(1);B1(1);B4(1);B1(2);B1(3);A1(2);D1(2);D1(3);D1(4);A4(2);D4(2);B1(4);A4(3);A4(4);C3(1);B4(2);B4(3);B4(4);C1(1);D4(3);D4(4);C1(2);C4(1);C2(1);C4(2);C4(3);D3(1);C2(2);C2(3);B2(1);B2(2);B2(3);D2(1);D2(2);A1(3);A1(4);C3(2);C3(3);A3(1);B3(1);A3(2);A3(3);A3(4);D3(2);D3(3);D3(4);A2(1);B2(4);C2(4);C4(4);A2(2);C3(4);B3(2);B3(3);B3(4);D2(3);C1(3);A2(3);A2(4);D2(4);C1(4)"
    243, 2026-09-20T21:55:27.199963,     4, Classic        , Classic        ,    64, Draw  ,        434, "D4(1);A4(1);D1(1);A1(1);A2(1);D2(1);A2(2);A2(3);A1(2);A4(2);A4(3);A4(4);D1(2);D4(2);A2(4);D1(3);D1(4);C3(1);D2(2);D2(3);D2(4);A3(1);D4(3);D4(4);A3(2);D3(1);B3(1);D3(2);D3(3);C4(1);B3(2);B3(3);B2(1);B2(2);B2(3);B4(1);B4(2);A1(3);A1(4);C3(2);C3(3);C1(1);C2(1);C1(2);C1(3);C1(4);C4(2);C4(3);C4(4);B1(1);B2(4);B3(4);D3(4);C3(4);B1(2);C2(2);C2(3);C2(4);B1(3);B1(4);B4(3);A3(3);A3(4);B4(4)"
    244, 2026-09-20T21:55:27.677862,     4, Classic        , Classic        ,    57, White ,        477, "D4(1);A4(1);D1(1);A1(1);A3(1);D3(1);A3(2);A3(3);A4(2);A1(2);A1(3);A1(4);D3(2);D1(2);D3(3);D4(2);A3(4);C1(1);C1(2);C2(1);C4(1);C2(2);C2(3);A2(1);A2(2);D2(1);B2(1);B2(2);B3(1);B2(3);B3(2);B3(3);D4(3);D4(4);D2(2);D2(3);B1(1);B4(1);D3(4);B4(2);B4(3);B2(4);A4(3);A4(4);B3(4);B4(4);C1(3);C1(4);C2(4);B1(2);B1(3);D1(3);D2(4);B1(4);D1(4);C4(2);C4(3)"
    245, 2026-09-20T21:55:28.090813,     4, Classic        , Classic        ,    64, Draw  ,        412, "A1(1);A4(1);D1(1);D4(1);C4(1);C1(1);C4(2);C4(3);D4(2);A4(2);A4(3);A4(4);D1(2);A1(2);C4(4);D1(3);D1(4);B2(1);C1(2);C1(3);C1(4);B4(1);A1(3);A1(4);B4(2);B1(1);B3(1);B1(2);B1(3);A2(1);B3(2);B3(3);C3(1);C3(2);C3(3);A3(1);A3(2);D4(3);D4(4);B2(2);B2(3);D2(1);C2(1);D2(2);D2(3);D2(4);A2(2);A2(3);A2(4);D3(1);C3(4);B3(4);B1(4);B2(4);D3(2);C2(2);C2(3);C2(4);D3(3);D3(4);A3(3);B4(3);B4(4);A3(4)"
    246, 2026-09-20T21:55:28.480944,     4, Classic        , Classic        ,    41, White ,        389, "D1(1);A4(1);A1(1);D4(1);B4(1);B1(1);B4(2);B4(3);A4(2);D4(2);D4(3);D4(4);B1(2);D1(2);B1(3);A1(2);B4(4);D2(1);D2(2);C2(1);A2(1);C2(2);C1(1);C2(3);C2(4);D2(3);C1(2);C1(3);C1(4);C3(1);C3(2);B3(1);B3(2);B1(4);C3(3);A3(1);D3(1);D3(2);B2(1);D1(3);B2(2)"
    247, 2026-09-20T21:55:28.935187,     4, Classic        , Classic        ,    58, Black ,        453, "A4(1);D4(1);A1(1);D1(1);D3(1);A3(1);D3(2);D3(3);D4(2);D1(2);D1(3);D1(4);A3(2);A1(2);A3(3);A4(2);D3(4);B1(1);B1(2);B2(1);B4(1);B2(2);B2(3);D2(1);D2(2);A2(1);C2(1);C2(2);C3(1);C2(3);C3(2);C3(3);A4(3);A4(4);A2(2);A2(3);C1(1);C4(1);A3(4);C2(4);C3(4);B2(4);B4(2);B4(3);C4(2);C4(3);A2(4);B4(4);C4(4);A1(3);A1(4);D4(3);D4(4);C1(2);C1(3);C1(4);D2(3);D2(4)"
    248, 2026-09-20T21:55:29.354463,     4, Classic        , Classic        ,    47, White ,        419, "D4(1);A1(1);D1(1);A4(1);A2(1);D2(1);A2(2);A2(3);A1(2);A4(2);A4(3);A4(4);D2(2);D4(2);D2(3);D1(2);A2(4);B4(1);B4(2);B1(1);B2(1);B2(2);B2(3);B4(3);B4(4);B3(1);B3(2);A3(1);D4(3);D4(4);D1(3);A3(2);D1(4);A1(3);A1(4);A3(3);A3(4);B1(2);D3(1);C2(1);D2(4);C3(1);C4(1);C3(2);C3(3);D3(2);D3(3)"
    249, 2026-09-20T21:55:29.861334,     4, Classic        , Classic        ,    58, Black ,        506, "A4(1);A1(1);D4(1);D1(1);B1(1);B4(1);B1(2);B1(3);A1(2);D1(2);D1(3);D1(4);B4(2);D4(2);B4(3);A4(2);B1(4);D3(1);D3(2);C3(1);A3(1);C3(2);C3(3);C1(1);C1(2);C4(1);C2(1);C2(2);B2(1);C2(3);B2(2);B2(3);A4(3);A4(4);C4(2);C4(3);D2(1);A2(1);B4(4);C2(4);B2(4);C3(4);A3(2);A3(3);A2(2);A2(3);C4(4);A3(4);A2(4);D4(3);D4(4);A1(3);A1(4);D2(2);D2(3);D2(4);C1(3);C1(4)"
    250, 2026-09-20T21:55:30.212625,     4, Classic        , Classic        ,    64, Draw  ,        351, "A1(1);D4(1);A4(1);D1(1);D2(1);A2(1);D2(2);D2(3);D1(2);D4(2);D4(3);D4(4);A1(2);A4(2);D2(4);A1(3);A1(4);B3(1);A2(2);A2(3);A2(4);D3(1);A4(3);A4(4);D3(2);A3(1);C3(1);A3(2);A3(3);B4(1);C3(2);C3(3);C2(1);C2(2);C2(3);C4(1);C4(2);D1(3);D1(4);B3(2);B3(3);B1(1);B2(1);B1(2);B1(3);B1(4);B4(2);B4(3);B4(4);C1(1);C2(4);C3(4);A3(4);B3(4);C1(2);B2(2);B2(3);B2(4);C1(3);C1(4);C4(3);D3(3);D3(4);C4(4)"
    251, 2026-09-20T21:55:30.740257,     4, Classic        , Classic        ,    57, White ,        527, "A4(1);A1(1);D4(1);D1(1);B1(1);B4(1);B1(2);B1(3);A1(2);D1(2);D1(3);D1(4);B4(2);D4(2);B4(3);A4(2);B1(4);D3(1);D3(2);C3(1);A3(1);C3(2);C3(3);C1(1);C1(2);C4(1);C2(1);C2(2);B2(1);C2(3);B2(2);B2(3);A4(3);A4(4);C4(2);C4(3);D2(1);A2(1);B4(4);A2(2);A2(3);C2(4);A1(3);A1(4);B2(4);A2(4);D3(3);C1(3);C1(4);D3(4);D4(3);D4(4);D2(2);D2(3);D2(4);A3(2);A3(3)"
    252, 2026-09-20T21:55:31.187529,     4, Classic        , Classic        ,    41, White ,        447, "D4(1);D1(1);A4(1);A1(1);B1(1);B4(1);B1(2);B1(3);A1(2);D1(2);D1(3);D1(4);B4(2);D4(2);B4(3);A4(2);B1(4);D3(1);D3(2);C3(1);A3(1);C3(2);C4(1);C3(3);C3(4);D3(3);C4(2);C4(3);C4(4);C2(1);C2(2);B2(1);B2(2);B4(4);C2(3);A2(1);D2(1);D2(2);B3(1);D4(3);B3(2)"
    253, 2026-09-20T21:55:31.759432,     4, Classic        , Classic        ,    57, White ,        571, "A1(1);D1(1);A4(1);D4(1);D3(1);A3(1);D3(2);D3(3);D4(2);D1(2);D1(3);D1(4);A3(2);A1(2);A3(3);A4(2);D3(4);B1(1);B1(2);B2(1);B4(1);B2(2);B2(3);D2(1);D2(2);A2(1);C2(1);C2(2);C3(1);C2(3);C3(2);C3(3);A4(3);A4(4);A2(2);A2(3);C1(1);C4(1);A3(4);C4(2);C4(3);C2(4);D4(3);D4(4);B1(3);C4(4);C3(4);D2(3);D2(4);B1(4);A1(3);A1(4);C1(2);C1(3);C1(4);B3(1);B3(2)"
    254, 2026-09-20T21:55:32.205072,     4, Classic        , Classic        ,    62, Black ,        445, "A4(1);A1(1);D4(1);D1(1);C1(1);C4(1);C1(2);C1(3);D1(2);A1(2);A1(3);A1(4);D4(2);A4(2);C1(4);D4(3);D4(4);B3(1);C4(2);C4(3);C4(4);B1(1);A4(3);A4(4);B1(2);B4(1);B2(1);B4(2);B4(3);A3(1);B2(2);B2(3);C2(1);C2(2);C2(3);A2(1);A2(2);B3(2);B3(3);D1(3);D3(1);D3(2);D2(1);A2(3);D2(2);D2(3);D3(3);D3(4);A3(2);A2(4);C2(4);B3(4);C3(1);D1(4);B4(4);B2(4);D2(4);A3(3);A3(4);C3(2);B1(3);C3(3)"
    255, 2026-09-20T21:55:32.627224,     4, Classic        , Classic        ,    59, White ,        421, "A4(1);D4(1);A1(1);D1(1);D3(1);A3(1);D3(2);D3(3);D4(2);D1(2);D1(3);D1(4);A3(2);A1(2);A3(3);A4(2);D3(4);C1(1);C1(2);C4(1);C3(1);C3(2);C3(3);C1(3);C1(4);C2(1);C2(2);D2(1);A1(3);A1(4);A4(3);A4(4);A2(1);D2(2);A3(4);C4(2);C2(3);C2(4);C4(3);D2(3);D2(4);C3(4);C4(4);B1(1);B3(1);B1(2);B1(3);B1(4);B4(1);B4(2);B4(3);D4(3);D4(4);B4(4);B3(2);A2(2);B2(1);B2(2);B3(3)"
    256, 2026-09-20T21:55:33.032354,     4, Classic        , Classic        ,    49, White ,        404, "A1(1);D4(1);A4(1);D1(1);D2(1);A2(1);D2(2);D2(3);D1(2);D4(2);D4(3);D4(4);A2(2);A4(2);A2(3);A1(2);D2(4);C4(1);C4(2);C1(1);C2(1);C2(2);C2(3);C4(3);C4(4);C3(1);C3(2);D3(1);A4(3);A4(4);A1(3);D3(2);A1(4);D1(3);D1(4);D3(3);D3(4);A2(4);A3(1);C1(2);B3(1);C1(3);C1(4);B4(1);B1(1);B3(2);B3(3);A3(2);A3(3)"
    257, 2026-09-20T21:55:33.464649,     4, Classic        , Classic        ,    62, Black ,        432, "D1(1);A1(1);D4(1);A4(1);A2(1);D2(1);A2(2);A2(3);A1(2);A4(2);A4(3);A4(4);D1(2);D4(2);A2(4);D1(3);D1(4);C3(1);D2(2);D2(3);D2(4);A3(1);D4(3);D4(4);A3(2);D3(1);B3(1);D3(2);D3(3);C4(1);B3(2);B3(3);B2(1);B2(2);B2(3);B4(1);B4(2);C3(2);C3(3);A1(3);C1(1);C1(2);B1(1);B4(3);B1(2);B1(3);C1(3);C1(4);C4(2);B4(4);B2(4);C3(4);C2(1);A1(4);B1(4);B3(4);D3(4);C4(3);C4(4);C2(2);A3(3);C2(3)"
    258, 2026-09-20T21:55:33.879246,     4, Classic        , Classic        ,    43, White ,        414, "A4(1);D1(1);A1(1);D4(1);D3(1);A3(1);D3(2);D3(3);D4(2);D1(2);D1(3);D1(4);A3(2);A1(2);A3(3);A4(2);D3(4);C1(1);C1(2);C4(1);C3(1);C3(2);C3(3);C1(3);C1(4);C2(1);C2(2);D2(1);A1(3);A1(4);A4(3);D2(2);A4(4);D2(3);D2(4);D4(3);D4(4);C2(3);A2(1);A2(2);B2(1);B2(2);A2(3)"
    259, 2026-09-20T21:55:34.265627,     4, Classic        , Classic        ,    59, White ,        386, "A4(1);D1(1);A1(1);D4(1);D2(1);A2(1);D2(2);D2(3);D1(2);D4(2);D4(3);D4(4);A2(2);A4(2);A2(3);A1(2);D2(4);B4(1);B4(2);B1(1);B3(1);B1(2);B1(3);D3(1);D3(2);B1(4);B3(2);B3(3);A2(4);B3(4);C1(1);C4(1);C4(2);B4(3);B4(4);C4(3);C4(4);D3(3);D3(4);A4(3);A4(4);A3(1);A3(2);A3(3);A3(4);C1(2);D1(3);C1(3);D1(4);B2(1);B2(2);C2(1);B2(3);C1(4);C3(1);A1(3);B2(4);A1(4);C2(2)"
    260, 2026-09-20T21:55:34.629387,     4, Classic        , Classic        ,    64, Draw  ,        363, "A1(1);D4(1);A4(1);D1(1);D2(1);A2(1);D2(2);D2(3);D1(2);D4(2);D4(3);D4(4);A1(2);A4(2);D2(4);A1(3);A1(4);B3(1);A2(2);A2(3);A2(4);D3(1);A4(3);A4(4);D3(2);A3(1);C3(1);A3(2);A3(3);B4(1);C3(2);C3(3);C2(1);C2(2);C2(3);C4(1);C4(2);B3(2);B3(3);D1(3);B1(1);B1(2);C1(1);C4(3);C1(2);C1(3);B1(3);B1(4);B4(2);C4(4);C2(4);B3(4);B2(1);C3(4);A3(4);D3(3);D3(4);B4(3);B4(4);B2(2);B2(3);B2(4);D1(4);C1(4)"
    261, 2026-09-20T21:55:35.061289,     4, Classic        , Classic        ,    62, Black ,        431, "D1(1);A1(1);D4(1);A4(1);A3(1);D3(1);A3(2);A3(3);A4(2);A1(2);A1(3);A1(4);D4(2);D1(2);A3(4);D4(3);D4(4);C2(1);D3(2);D3(3);D3(4);A2(1);D1(3);D1(4);A2(2);D2(1);B2(1);D2(2);D2(3);C1(1);B2(2);B2(3);B3(1);B3(2);B3(3);B1(1);B1(2);C2(2);C2(3);A4(3);C4(1);C4(2);B4(1);B1(3);B4(2);B4(3);C4(3);C4(4);C1(2);B1(4);B3(4);C2(4);C3(1);D2(4);B2(4);A4(4);B4(4);C1(3);C1(4);C3(2);A2(3);A2(4)"
